-- phpMyAdmin SQL Dump
-- version 4.3.6
-- http://www.phpmyadmin.net
--
-- Host: localhost
-- Generation Time: Jun 05, 2015 at 10:49 AM
-- Server version: 5.5.41
-- PHP Version: 5.3.29

SET SQL_MODE = "NO_AUTO_VALUE_ON_ZERO";
SET time_zone = "+00:00";


/*!40101 SET @OLD_CHARACTER_SET_CLIENT=@@CHARACTER_SET_CLIENT */;
/*!40101 SET @OLD_CHARACTER_SET_RESULTS=@@CHARACTER_SET_RESULTS */;
/*!40101 SET @OLD_COLLATION_CONNECTION=@@COLLATION_CONNECTION */;
/*!40101 SET NAMES utf8 */;

--
-- Database: `inhanh`
--

-- --------------------------------------------------------

--
-- Table structure for table `access_token`
--

CREATE TABLE IF NOT EXISTS `access_token` (
  `id` int(11) NOT NULL,
  `user_id` int(11) NOT NULL,
  `user_type` varchar(255) NOT NULL,
  `device_token` varchar(1024) NOT NULL,
  `access_token` varchar(1024) NOT NULL,
  `login_time` timestamp NOT NULL DEFAULT '0000-00-00 00:00:00',
  `logout_time` timestamp NOT NULL DEFAULT '0000-00-00 00:00:00',
  `islogin` tinyint(4) NOT NULL,
  `isactive` tinyint(4) NOT NULL
) ENGINE=InnoDB AUTO_INCREMENT=1805 DEFAULT CHARSET=utf8;

--
-- Dumping data for table `access_token`
--

INSERT INTO `access_token` (`id`, `user_id`, `user_type`, `device_token`, `access_token`, `login_time`, `logout_time`, `islogin`, `isactive`) VALUES
(856, 1, 'SHIPPER', '1eb70c10-f3cf-11e4-a031-cfdf368a59cb', 'd839ad50-fd7f-11e4-9158-d391ff2419c6', '2015-05-18 17:03:45', '0000-00-00 00:00:00', 1, 1),
(857, 17, 'SHOPPER', '1eb70c10-f3cf-11e4-a031-cfdf368a59cb', '3b3aa970-fd87-11e4-90e1-2f6bd7589418', '2015-05-18 17:56:38', '0000-00-00 00:00:00', 1, 0),
(858, 5, '', '', 'f1771430-fdd2-11e4-90e1-2f6bd7589418', '2015-05-19 02:58:36', '0000-00-00 00:00:00', 1, 0),
(859, 5, '', '', '5b84d1d0-fdd5-11e4-90e1-2f6bd7589418', '2015-05-19 03:15:53', '2015-05-19 03:16:34', 0, 0),
(860, 5, '', '', '774d6620-fdd5-11e4-90e1-2f6bd7589418', '2015-05-19 03:16:39', '0000-00-00 00:00:00', 1, 0),
(861, 5, '', '', 'd28e25b0-fdd5-11e4-90e1-2f6bd7589418', '2015-05-19 03:19:13', '0000-00-00 00:00:00', 1, 0),
(862, 5, '', '', '16930500-fdd6-11e4-90e1-2f6bd7589418', '2015-05-19 03:21:07', '0000-00-00 00:00:00', 1, 0),
(863, 5, '', '', '84c5ed30-fdd6-11e4-90e1-2f6bd7589418', '2015-05-19 03:24:12', '0000-00-00 00:00:00', 1, 0),
(864, 5, '', '', 'dbbc0ac0-fdd6-11e4-90e1-2f6bd7589418', '2015-05-19 03:26:37', '0000-00-00 00:00:00', 1, 0),
(865, 5, '', '', '0b032930-fdd7-11e4-90e1-2f6bd7589418', '2015-05-19 03:27:57', '0000-00-00 00:00:00', 1, 0),
(866, 5, '', '', '2f37f5b0-fdd7-11e4-90e1-2f6bd7589418', '2015-05-19 03:28:57', '0000-00-00 00:00:00', 1, 0),
(867, 5, '', '', '40a68b90-fdd7-11e4-90e1-2f6bd7589418', '2015-05-19 03:29:27', '0000-00-00 00:00:00', 1, 0),
(868, 5, '', '', '5c256cb0-fdd7-11e4-90e1-2f6bd7589418', '2015-05-19 03:30:13', '0000-00-00 00:00:00', 1, 0),
(869, 5, '', '', '95749900-fdd7-11e4-90e1-2f6bd7589418', '2015-05-19 03:31:49', '0000-00-00 00:00:00', 1, 0),
(870, 5, '', '', '9b9e3ec0-fdd8-11e4-90e1-2f6bd7589418', '2015-05-19 03:39:09', '2015-05-19 03:47:11', 0, 0),
(871, 18, 'SHOPPER', '', 'ce725f10-fdd9-11e4-90e1-2f6bd7589418', '2015-05-19 03:47:44', '2015-05-19 03:50:46', 0, 0),
(872, 18, 'SHOPPER', '', '3b9ab510-fdda-11e4-90e1-2f6bd7589418', '2015-05-19 03:50:47', '0000-00-00 00:00:00', 1, 0),
(873, 18, 'SHOPPER', '', 'ab7a14c0-fdda-11e4-90e1-2f6bd7589418', '2015-05-19 03:53:54', '0000-00-00 00:00:00', 1, 0),
(874, 18, 'SHOPPER', '', '23e0fcd0-fddb-11e4-90e1-2f6bd7589418', '2015-05-19 03:57:16', '0000-00-00 00:00:00', 1, 0),
(875, 18, 'SHOPPER', '', '36dbff10-fddb-11e4-90e1-2f6bd7589418', '2015-05-19 03:57:48', '0000-00-00 00:00:00', 1, 0),
(876, 18, 'SHOPPER', '', '63f65270-fddb-11e4-90e1-2f6bd7589418', '2015-05-19 03:59:04', '0000-00-00 00:00:00', 1, 0),
(877, 18, 'SHOPPER', '', 'b3f831d0-fddb-11e4-90e1-2f6bd7589418', '2015-05-19 04:01:18', '0000-00-00 00:00:00', 1, 0),
(878, 18, 'SHOPPER', '', 'b569c330-fddb-11e4-90e1-2f6bd7589418', '2015-05-19 04:01:21', '0000-00-00 00:00:00', 1, 0),
(879, 18, 'SHOPPER', '', 'c6a8bd90-fddb-11e4-90e1-2f6bd7589418', '2015-05-19 04:01:50', '0000-00-00 00:00:00', 1, 0),
(880, 18, 'SHOPPER', '', 'e50bd2e0-fddb-11e4-90e1-2f6bd7589418', '2015-05-19 04:02:41', '0000-00-00 00:00:00', 1, 0),
(881, 18, 'SHOPPER', '', '02e10010-fddc-11e4-90e1-2f6bd7589418', '2015-05-19 04:03:31', '0000-00-00 00:00:00', 1, 0),
(882, 18, 'SHOPPER', '', '11558fd0-fddc-11e4-90e1-2f6bd7589418', '2015-05-19 04:03:55', '0000-00-00 00:00:00', 1, 0),
(883, 18, 'SHOPPER', '', '2f881f40-fddc-11e4-90e1-2f6bd7589418', '2015-05-19 04:04:46', '0000-00-00 00:00:00', 1, 0),
(884, 18, 'SHOPPER', '', '49435760-fddc-11e4-90e1-2f6bd7589418', '2015-05-19 04:05:29', '0000-00-00 00:00:00', 1, 0),
(885, 18, 'SHOPPER', '', '4b39a920-fddc-11e4-90e1-2f6bd7589418', '2015-05-19 04:05:32', '0000-00-00 00:00:00', 1, 0),
(886, 18, 'SHOPPER', '', '4cef6f70-fddc-11e4-90e1-2f6bd7589418', '2015-05-19 04:05:35', '0000-00-00 00:00:00', 1, 0),
(887, 5, '', '', '78ddc5f0-fddc-11e4-90e1-2f6bd7589418', '2015-05-19 04:06:49', '0000-00-00 00:00:00', 1, 0),
(888, 5, '', '', '93ccc320-fddc-11e4-90e1-2f6bd7589418', '2015-05-19 04:07:34', '2015-05-19 04:07:39', 0, 0),
(889, 18, 'SHOPPER', '', '990b6210-fddc-11e4-90e1-2f6bd7589418', '2015-05-19 04:07:43', '0000-00-00 00:00:00', 1, 0),
(890, 18, 'SHOPPER', '', 'aaec68d0-fddc-11e4-90e1-2f6bd7589418', '2015-05-19 04:08:13', '0000-00-00 00:00:00', 1, 0),
(891, 18, 'SHOPPER', '', 'fb0b6d20-fddc-11e4-90e1-2f6bd7589418', '2015-05-19 04:10:27', '0000-00-00 00:00:00', 1, 0),
(892, 18, 'SHOPPER', '', '1d1b36c0-fddd-11e4-90e1-2f6bd7589418', '2015-05-19 04:11:24', '0000-00-00 00:00:00', 1, 0),
(893, 18, 'SHOPPER', '', '67171310-fdde-11e4-90e1-2f6bd7589418', '2015-05-19 04:20:38', '0000-00-00 00:00:00', 1, 1),
(894, 19, 'SHOPPER', '', '1a724bf0-fddf-11e4-90e1-2f6bd7589418', '2015-05-19 04:25:39', '0000-00-00 00:00:00', 1, 0),
(895, 19, 'SHOPPER', '', '1ccfc3f0-fddf-11e4-90e1-2f6bd7589418', '2015-05-19 04:25:43', '0000-00-00 00:00:00', 1, 0),
(896, 19, 'SHOPPER', '', '1df35c60-fddf-11e4-90e1-2f6bd7589418', '2015-05-19 04:25:44', '0000-00-00 00:00:00', 1, 0),
(897, 19, 'SHOPPER', '', '210d94b0-fddf-11e4-90e1-2f6bd7589418', '2015-05-19 04:25:50', '0000-00-00 00:00:00', 1, 0),
(898, 19, 'SHOPPER', '', '29d13bb0-fddf-11e4-90e1-2f6bd7589418', '2015-05-19 04:26:04', '0000-00-00 00:00:00', 1, 0),
(899, 19, 'SHOPPER', '', 'c3905d30-fddf-11e4-90e1-2f6bd7589418', '2015-05-19 04:30:22', '0000-00-00 00:00:00', 1, 0),
(900, 19, '', '', '02dff1d0-fde0-11e4-90e1-2f6bd7589418', '2015-05-19 04:32:09', '0000-00-00 00:00:00', 1, 0),
(901, 19, '', '', '21594e40-fde0-11e4-90e1-2f6bd7589418', '2015-05-19 04:33:00', '0000-00-00 00:00:00', 1, 0),
(902, 19, '', '', '57967fa0-fde0-11e4-90e1-2f6bd7589418', '2015-05-19 04:34:31', '0000-00-00 00:00:00', 1, 0),
(903, 19, '', '', 'b1254970-fde0-11e4-90e1-2f6bd7589418', '2015-05-19 04:37:01', '0000-00-00 00:00:00', 1, 0),
(904, 19, '', '', 'decd5de0-fde0-11e4-90e1-2f6bd7589418', '2015-05-19 04:38:18', '0000-00-00 00:00:00', 1, 0),
(905, 19, '', '', '0ac132a0-fde1-11e4-90e1-2f6bd7589418', '2015-05-19 04:39:31', '0000-00-00 00:00:00', 1, 0),
(906, 19, '', '', '4f5ab0d0-fde1-11e4-90e1-2f6bd7589418', '2015-05-19 04:41:26', '0000-00-00 00:00:00', 1, 0),
(907, 19, '', '', '5ed083f0-fde1-11e4-90e1-2f6bd7589418', '2015-05-19 04:41:52', '0000-00-00 00:00:00', 1, 0),
(908, 19, '', '', '6ee2be20-fde1-11e4-90e1-2f6bd7589418', '2015-05-19 04:42:19', '0000-00-00 00:00:00', 1, 0),
(909, 19, '', '', '9a9f0820-fde1-11e4-90e1-2f6bd7589418', '2015-05-19 04:43:33', '0000-00-00 00:00:00', 1, 0),
(910, 19, '', '', 'be692bf0-fde1-11e4-90e1-2f6bd7589418', '2015-05-19 04:44:33', '0000-00-00 00:00:00', 1, 0),
(911, 19, '', '', 'd7fabc00-fde1-11e4-90e1-2f6bd7589418', '2015-05-19 04:45:16', '0000-00-00 00:00:00', 1, 0),
(912, 19, '', '', 'f5da7080-fde1-11e4-90e1-2f6bd7589418', '2015-05-19 04:46:06', '0000-00-00 00:00:00', 1, 0),
(913, 19, '', '', '13f53230-fde2-11e4-90e1-2f6bd7589418', '2015-05-19 04:46:56', '0000-00-00 00:00:00', 1, 0),
(914, 19, '', '', '3cb3f3a0-fde2-11e4-90e1-2f6bd7589418', '2015-05-19 04:48:05', '0000-00-00 00:00:00', 1, 0),
(915, 19, '', '', '6a7c8860-fde2-11e4-90e1-2f6bd7589418', '2015-05-19 04:49:21', '0000-00-00 00:00:00', 1, 0),
(916, 19, '', '', '810e6d00-fde2-11e4-90e1-2f6bd7589418', '2015-05-19 04:49:59', '0000-00-00 00:00:00', 1, 0),
(917, 19, '', '', '99f87270-fde2-11e4-90e1-2f6bd7589418', '2015-05-19 04:50:41', '0000-00-00 00:00:00', 1, 0),
(918, 19, '', '', 'b2189830-fde2-11e4-90e1-2f6bd7589418', '2015-05-19 04:51:22', '0000-00-00 00:00:00', 1, 0),
(919, 19, '', '', 'f6f09310-fdef-11e4-90e1-2f6bd7589418', '2015-05-19 06:26:20', '0000-00-00 00:00:00', 1, 0),
(920, 19, '', '', '8558b880-fdf0-11e4-90e1-2f6bd7589418', '2015-05-19 06:30:19', '0000-00-00 00:00:00', 1, 0),
(921, 19, '', '', '9c512720-fdf0-11e4-90e1-2f6bd7589418', '2015-05-19 06:30:58', '0000-00-00 00:00:00', 1, 0),
(922, 19, '', '', '470c4690-fdf1-11e4-90e1-2f6bd7589418', '2015-05-19 06:35:44', '0000-00-00 00:00:00', 1, 0),
(923, 19, '', '', '66e5cf40-fdf1-11e4-90e1-2f6bd7589418', '2015-05-19 06:36:38', '0000-00-00 00:00:00', 1, 0),
(924, 19, '', '', '80e870a0-fdf1-11e4-90e1-2f6bd7589418', '2015-05-19 06:37:21', '0000-00-00 00:00:00', 1, 0),
(925, 19, '', '', 'afce0d20-fdfc-11e4-90e1-2f6bd7589418', '2015-05-19 07:57:25', '0000-00-00 00:00:00', 1, 0),
(926, 5, '', '', '4a314490-fe02-11e4-90e1-2f6bd7589418', '2015-05-19 08:37:31', '0000-00-00 00:00:00', 1, 0),
(927, 5, '', '', '8fac21d0-fea1-11e4-90e1-2f6bd7589418', '2015-05-20 03:37:38', '2015-05-20 03:37:46', 0, 0),
(928, 19, '', '', '5f53cf90-fea3-11e4-90e1-2f6bd7589418', '2015-05-20 03:50:36', '0000-00-00 00:00:00', 1, 0),
(929, 19, '', '', 'bf323320-fea3-11e4-90e1-2f6bd7589418', '2015-05-20 03:53:16', '0000-00-00 00:00:00', 1, 0),
(930, 19, '', '', 'e0579cc0-fea3-11e4-90e1-2f6bd7589418', '2015-05-20 03:54:12', '2015-05-20 03:54:31', 0, 0),
(931, 5, '', '', 'eef4ea30-fea3-11e4-90e1-2f6bd7589418', '2015-05-20 03:54:37', '0000-00-00 00:00:00', 1, 0),
(932, 5, '', '', '0f1c6bd0-fea4-11e4-90e1-2f6bd7589418', '2015-05-20 03:55:30', '0000-00-00 00:00:00', 1, 0),
(933, 5, '', '', '328758a0-fea4-11e4-90e1-2f6bd7589418', '2015-05-20 03:56:30', '0000-00-00 00:00:00', 1, 0),
(934, 5, '', '', '44746d50-fea4-11e4-90e1-2f6bd7589418', '2015-05-20 03:57:00', '0000-00-00 00:00:00', 1, 0),
(935, 5, '', '', '57b663a0-fea4-11e4-90e1-2f6bd7589418', '2015-05-20 03:57:32', '0000-00-00 00:00:00', 1, 0),
(936, 5, '', '', '6c2c9430-fea4-11e4-90e1-2f6bd7589418', '2015-05-20 03:58:07', '0000-00-00 00:00:00', 1, 0),
(937, 5, '', '', 'c0492bf0-fea4-11e4-90e1-2f6bd7589418', '2015-05-20 04:00:28', '2015-05-20 04:02:38', 0, 0),
(938, 5, '', '', '2db5e780-feb1-11e4-90e1-2f6bd7589418', '2015-05-20 05:29:25', '0000-00-00 00:00:00', 1, 0),
(939, 20, 'SHOPPER', '', '1ff0acc0-fec0-11e4-90e1-2f6bd7589418', '2015-05-20 07:16:25', '0000-00-00 00:00:00', 1, 0),
(940, 20, 'SHOPPER', '', '20fd61d0-fec0-11e4-90e1-2f6bd7589418', '2015-05-20 07:16:26', '0000-00-00 00:00:00', 1, 0),
(941, 20, 'SHOPPER', '', 'f18ca5e0-fec0-11e4-90e1-2f6bd7589418', '2015-05-20 07:22:16', '0000-00-00 00:00:00', 1, 1),
(942, 5, '', '', '2da37db0-fec1-11e4-90e1-2f6bd7589418', '2015-05-20 07:23:57', '2015-05-20 07:24:05', 0, 0),
(943, 5, '', 'fsdfgsgdgdfsfs', '63e34720-fec1-11e4-90e1-2f6bd7589418', '2015-05-20 07:25:28', '0000-00-00 00:00:00', 1, 0),
(944, 5, '', 'fsfsfsfsfsf', '9cb9c100-fec1-11e4-90e1-2f6bd7589418', '2015-05-20 07:27:03', '0000-00-00 00:00:00', 1, 1),
(945, 5, '', 'fsdfgsgdgdfsfs', '6aea3810-fec3-11e4-90e1-2f6bd7589418', '2015-05-20 07:39:59', '0000-00-00 00:00:00', 1, 0),
(946, 5, '', 'fsdfgsgdgdfsfs', '6cbf6d40-fec3-11e4-90e1-2f6bd7589418', '2015-05-20 07:40:02', '0000-00-00 00:00:00', 1, 1),
(947, 5, '', 'fsdfgsgdgdfsfsfsdghfgjnfjhyikytygh', '72ff76a0-fec3-11e4-90e1-2f6bd7589418', '2015-05-20 07:40:12', '0000-00-00 00:00:00', 1, 0),
(948, 5, '', 'fsdfgsgdgdfsfsfsdghfgjnfjhyikytygh', '8f41a7c0-fec3-11e4-90e1-2f6bd7589418', '2015-05-20 07:41:00', '0000-00-00 00:00:00', 1, 1),
(949, 5, '', '93c2723343d565b6', 'c675e680-fec7-11e4-90e1-2f6bd7589418', '2015-05-20 08:11:10', '0000-00-00 00:00:00', 1, 0),
(950, 5, '', '93c2723343d565b6', 'bf9174e0-fec9-11e4-90e1-2f6bd7589418', '2015-05-20 08:25:18', '0000-00-00 00:00:00', 1, 0),
(951, 5, '', '93c2723343d565b6', 'f2aaf810-fec9-11e4-90e1-2f6bd7589418', '2015-05-20 08:26:44', '0000-00-00 00:00:00', 1, 0),
(952, 5, '', '93c2723343d565b6', '3983ba10-fed9-11e4-90e1-2f6bd7589418', '2015-05-20 10:16:05', '0000-00-00 00:00:00', 1, 1),
(953, 5, '', '', '98019180-ff00-11e4-90e1-2f6bd7589418', '2015-05-20 14:57:54', '0000-00-00 00:00:00', 1, 0),
(954, 5, '', '', 'e818e920-ff0a-11e4-90e1-2f6bd7589418', '2015-05-20 16:11:43', '0000-00-00 00:00:00', 1, 0),
(955, 5, '', '', '05da26e0-ff10-11e4-90e1-2f6bd7589418', '2015-05-20 16:48:21', '0000-00-00 00:00:00', 1, 0),
(956, 5, '', '', '72b631a0-ff10-11e4-90e1-2f6bd7589418', '2015-05-20 16:51:23', '0000-00-00 00:00:00', 1, 0),
(957, 5, '', '', '86d96ac0-ff11-11e4-90e1-2f6bd7589418', '2015-05-20 16:59:06', '0000-00-00 00:00:00', 1, 0),
(958, 5, '', '', 'ab3f8070-ff11-11e4-90e1-2f6bd7589418', '2015-05-20 17:00:08', '0000-00-00 00:00:00', 1, 0),
(959, 5, '', '', 'f81462d0-ff11-11e4-90e1-2f6bd7589418', '2015-05-20 17:02:16', '0000-00-00 00:00:00', 1, 0),
(960, 5, '', '', '5afafd50-ff12-11e4-90e1-2f6bd7589418', '2015-05-20 17:05:02', '0000-00-00 00:00:00', 1, 0),
(961, 5, '', '', '49e3e0d0-ff13-11e4-90e1-2f6bd7589418', '2015-05-20 17:11:43', '0000-00-00 00:00:00', 1, 0),
(962, 5, '', '', '99a6e270-ff13-11e4-90e1-2f6bd7589418', '2015-05-20 17:13:57', '0000-00-00 00:00:00', 1, 0),
(963, 5, '', '', '3af597c0-ff14-11e4-90e1-2f6bd7589418', '2015-05-20 17:18:28', '0000-00-00 00:00:00', 1, 0),
(964, 5, '', '', 'd37beb20-ff14-11e4-90e1-2f6bd7589418', '2015-05-20 17:22:44', '0000-00-00 00:00:00', 1, 0),
(965, 5, '', '', 'f9ffb0b0-ff14-11e4-90e1-2f6bd7589418', '2015-05-20 17:23:48', '0000-00-00 00:00:00', 1, 0),
(966, 5, '', '', '5f21e350-ff15-11e4-90e1-2f6bd7589418', '2015-05-20 17:26:38', '0000-00-00 00:00:00', 1, 0),
(967, 5, '', '', '8b21c600-ff15-11e4-90e1-2f6bd7589418', '2015-05-20 17:27:52', '0000-00-00 00:00:00', 1, 0),
(968, 5, '', '', '31590b00-ff16-11e4-90e1-2f6bd7589418', '2015-05-20 17:32:31', '0000-00-00 00:00:00', 1, 0),
(969, 5, '', '', '73ddb2f0-ff16-11e4-90e1-2f6bd7589418', '2015-05-20 17:34:22', '0000-00-00 00:00:00', 1, 0),
(970, 5, '', '', '00baf2a0-ff17-11e4-90e1-2f6bd7589418', '2015-05-20 17:38:18', '0000-00-00 00:00:00', 1, 0),
(971, 5, '', '', '1fed65e0-ff17-11e4-90e1-2f6bd7589418', '2015-05-20 17:39:11', '0000-00-00 00:00:00', 1, 0),
(972, 5, '', '', '494ecff0-ff17-11e4-90e1-2f6bd7589418', '2015-05-20 17:40:20', '0000-00-00 00:00:00', 1, 0),
(973, 5, '', '', '68203770-ff17-11e4-90e1-2f6bd7589418', '2015-05-20 17:41:12', '0000-00-00 00:00:00', 1, 0),
(974, 5, '', '', '97e90900-ff17-11e4-90e1-2f6bd7589418', '2015-05-20 17:42:32', '0000-00-00 00:00:00', 1, 0),
(975, 5, '', '', 'c0523060-ff17-11e4-90e1-2f6bd7589418', '2015-05-20 17:43:40', '0000-00-00 00:00:00', 1, 0),
(976, 5, '', '', '151bf810-ff18-11e4-90e1-2f6bd7589418', '2015-05-20 17:46:02', '0000-00-00 00:00:00', 1, 0),
(977, 5, '', '', '3e6b39b0-ff18-11e4-90e1-2f6bd7589418', '2015-05-20 17:47:11', '0000-00-00 00:00:00', 1, 0),
(978, 5, '', '', '4ea60a80-ff18-11e4-90e1-2f6bd7589418', '2015-05-20 17:47:39', '0000-00-00 00:00:00', 1, 0),
(979, 5, '', '', '7c0f6840-ff18-11e4-90e1-2f6bd7589418', '2015-05-20 17:48:55', '0000-00-00 00:00:00', 1, 0),
(980, 5, '', '', 'ad080740-ff18-11e4-90e1-2f6bd7589418', '2015-05-20 17:50:17', '0000-00-00 00:00:00', 1, 0),
(981, 5, '', '', 'e6acf4b0-ff18-11e4-90e1-2f6bd7589418', '2015-05-20 17:51:54', '0000-00-00 00:00:00', 1, 0),
(982, 5, '', '', '06f9b190-ff19-11e4-90e1-2f6bd7589418', '2015-05-20 17:52:48', '0000-00-00 00:00:00', 1, 0),
(983, 5, '', '', '698d7120-ff19-11e4-90e1-2f6bd7589418', '2015-05-20 17:55:33', '0000-00-00 00:00:00', 1, 0),
(984, 5, '', '', 'd03866a0-ff19-11e4-90e1-2f6bd7589418', '2015-05-20 17:58:26', '0000-00-00 00:00:00', 1, 0),
(985, 5, '', '', '9dea0630-ff1a-11e4-90e1-2f6bd7589418', '2015-05-20 18:04:11', '0000-00-00 00:00:00', 1, 0),
(986, 5, '', '', '1e02b010-ff1b-11e4-90e1-2f6bd7589418', '2015-05-20 18:07:46', '0000-00-00 00:00:00', 1, 0),
(987, 5, '', '', '47b128b0-ff1b-11e4-90e1-2f6bd7589418', '2015-05-20 18:08:55', '0000-00-00 00:00:00', 1, 0),
(988, 5, '', '', '41837960-ff1c-11e4-90e1-2f6bd7589418', '2015-05-20 18:15:55', '0000-00-00 00:00:00', 1, 0),
(989, 5, '', '', '5ff6bb50-ff1c-11e4-90e1-2f6bd7589418', '2015-05-20 18:16:46', '0000-00-00 00:00:00', 1, 0),
(990, 5, '', '', 'e4f758a0-ff1c-11e4-90e1-2f6bd7589418', '2015-05-20 18:20:29', '0000-00-00 00:00:00', 1, 0),
(991, 5, '', '', '73f40070-ff1e-11e4-90e1-2f6bd7589418', '2015-05-20 18:31:38', '0000-00-00 00:00:00', 1, 0),
(992, 5, '', '', 'f6cdc620-ff1e-11e4-90e1-2f6bd7589418', '2015-05-20 18:35:18', '0000-00-00 00:00:00', 1, 0),
(993, 5, '', '', '31f2eaf0-ff1f-11e4-90e1-2f6bd7589418', '2015-05-20 18:36:57', '0000-00-00 00:00:00', 1, 0),
(994, 5, '', '', 'a60ac430-ff1f-11e4-90e1-2f6bd7589418', '2015-05-20 18:40:12', '0000-00-00 00:00:00', 1, 0),
(995, 5, '', '', '0224a5b0-ff20-11e4-90e1-2f6bd7589418', '2015-05-20 18:42:46', '2015-05-20 18:57:24', 0, 0),
(996, 5, '', '', '28c1a580-ff55-11e4-90e1-2f6bd7589418', '2015-05-21 01:03:14', '0000-00-00 00:00:00', 1, 0),
(997, 5, '', '', 'efd39940-ff86-11e4-90e1-2f6bd7589418', '2015-05-21 06:59:34', '0000-00-00 00:00:00', 1, 0),
(998, 5, '', '', 'df349fe0-ffbc-11e4-90e1-2f6bd7589418', '2015-05-21 13:25:39', '0000-00-00 00:00:00', 1, 0),
(999, 5, '', '', '145646c0-ffcb-11e4-90e1-2f6bd7589418', '2015-05-21 15:07:21', '0000-00-00 00:00:00', 1, 0),
(1000, 5, '', '', '2f48ed70-ffcb-11e4-90e1-2f6bd7589418', '2015-05-21 15:08:06', '0000-00-00 00:00:00', 1, 0),
(1001, 5, '', '', '1ce92450-ffcc-11e4-90e1-2f6bd7589418', '2015-05-21 15:14:45', '0000-00-00 00:00:00', 1, 0),
(1002, 5, '', '', '48049a70-ffcc-11e4-90e1-2f6bd7589418', '2015-05-21 15:15:57', '0000-00-00 00:00:00', 1, 0),
(1003, 5, '', '', '68a60700-ffcc-11e4-90e1-2f6bd7589418', '2015-05-21 15:16:52', '0000-00-00 00:00:00', 1, 0),
(1004, 5, '', '', '82e64da0-ffcc-11e4-90e1-2f6bd7589418', '2015-05-21 15:17:36', '0000-00-00 00:00:00', 1, 0),
(1005, 5, '', '', '9b32b380-ffcc-11e4-90e1-2f6bd7589418', '2015-05-21 15:18:17', '0000-00-00 00:00:00', 1, 0),
(1006, 5, '', '', 'bc7430a0-ffcc-11e4-90e1-2f6bd7589418', '2015-05-21 15:19:12', '0000-00-00 00:00:00', 1, 0),
(1007, 5, '', '', '12346640-ffcd-11e4-90e1-2f6bd7589418', '2015-05-21 15:21:36', '0000-00-00 00:00:00', 1, 0),
(1008, 5, '', '', '03ba3bc0-ffce-11e4-90e1-2f6bd7589418', '2015-05-21 15:28:21', '0000-00-00 00:00:00', 1, 0),
(1009, 5, '', '', '2fcce320-ffce-11e4-90e1-2f6bd7589418', '2015-05-21 15:29:35', '0000-00-00 00:00:00', 1, 0),
(1010, 5, '', '', '918de960-ffce-11e4-90e1-2f6bd7589418', '2015-05-21 15:32:19', '0000-00-00 00:00:00', 1, 0),
(1011, 5, '', '', 'ce866ea0-ffce-11e4-90e1-2f6bd7589418', '2015-05-21 15:34:02', '0000-00-00 00:00:00', 1, 0),
(1012, 5, '', '', '72b7aa70-ffcf-11e4-90e1-2f6bd7589418', '2015-05-21 15:38:37', '0000-00-00 00:00:00', 1, 0),
(1013, 5, '', '', '952376c0-ffcf-11e4-90e1-2f6bd7589418', '2015-05-21 15:39:35', '0000-00-00 00:00:00', 1, 0),
(1014, 5, '', '', 'd4417410-ffcf-11e4-90e1-2f6bd7589418', '2015-05-21 15:41:21', '0000-00-00 00:00:00', 1, 0),
(1015, 5, '', '', '385c48d0-ffd0-11e4-90e1-2f6bd7589418', '2015-05-21 15:44:09', '0000-00-00 00:00:00', 1, 0),
(1016, 5, '', '', '869994d0-ffd0-11e4-90e1-2f6bd7589418', '2015-05-21 15:46:20', '0000-00-00 00:00:00', 1, 0),
(1017, 5, '', '', 'fcbd2720-ffd1-11e4-90e1-2f6bd7589418', '2015-05-21 15:56:48', '0000-00-00 00:00:00', 1, 0),
(1018, 5, '', '', 'ace2fe90-ffd2-11e4-90e1-2f6bd7589418', '2015-05-21 16:01:43', '0000-00-00 00:00:00', 1, 0),
(1019, 5, '', '', '10d71c00-ffd4-11e4-90e1-2f6bd7589418', '2015-05-21 16:11:40', '0000-00-00 00:00:00', 1, 0),
(1020, 5, '', '', '7379f6c0-ffd4-11e4-90e1-2f6bd7589418', '2015-05-21 16:14:26', '0000-00-00 00:00:00', 1, 0),
(1021, 5, '', '', 'c4750330-ffd4-11e4-90e1-2f6bd7589418', '2015-05-21 16:16:42', '0000-00-00 00:00:00', 1, 0),
(1022, 5, '', '', 'f75c79e0-ffd4-11e4-90e1-2f6bd7589418', '2015-05-21 16:18:07', '0000-00-00 00:00:00', 1, 0),
(1023, 5, '', '', '96cdbca0-ffd5-11e4-90e1-2f6bd7589418', '2015-05-21 16:22:35', '0000-00-00 00:00:00', 1, 0),
(1024, 5, '', '', '1cf32ae0-ffd6-11e4-90e1-2f6bd7589418', '2015-05-21 16:26:20', '0000-00-00 00:00:00', 1, 0),
(1025, 5, '', '', '6e110c20-ffd7-11e4-90e1-2f6bd7589418', '2015-05-21 16:35:45', '0000-00-00 00:00:00', 1, 0),
(1026, 5, '', '', 'c374a2d0-ffd7-11e4-90e1-2f6bd7589418', '2015-05-21 16:38:09', '0000-00-00 00:00:00', 1, 0),
(1027, 5, '', '', 'ba76bc80-ffd8-11e4-90e1-2f6bd7589418', '2015-05-21 16:45:03', '0000-00-00 00:00:00', 1, 0),
(1028, 5, '', '', 'd25f3070-ffd8-11e4-90e1-2f6bd7589418', '2015-05-21 16:45:43', '0000-00-00 00:00:00', 1, 0),
(1029, 5, '', '', '20d1bd40-ffd9-11e4-90e1-2f6bd7589418', '2015-05-21 16:47:55', '0000-00-00 00:00:00', 1, 0),
(1030, 5, '', '', '73651cf0-ffd9-11e4-90e1-2f6bd7589418', '2015-05-21 16:50:13', '0000-00-00 00:00:00', 1, 0),
(1031, 5, '', '', '274aed20-ffdb-11e4-90e1-2f6bd7589418', '2015-05-21 17:02:25', '0000-00-00 00:00:00', 1, 0),
(1032, 5, '', '', '7cdc2380-ffdb-11e4-90e1-2f6bd7589418', '2015-05-21 17:04:48', '0000-00-00 00:00:00', 1, 0),
(1033, 5, '', '', '891f5450-ffdb-11e4-90e1-2f6bd7589418', '2015-05-21 17:05:09', '0000-00-00 00:00:00', 1, 0),
(1034, 5, '', '', '1514cc10-ffdc-11e4-90e1-2f6bd7589418', '2015-05-21 17:09:03', '0000-00-00 00:00:00', 1, 0),
(1035, 5, '', '', '3dd90bc0-ffdc-11e4-90e1-2f6bd7589418', '2015-05-21 17:10:12', '0000-00-00 00:00:00', 1, 0),
(1036, 5, '', '', 'e3ee70e0-ffdc-11e4-90e1-2f6bd7589418', '2015-05-21 17:14:50', '0000-00-00 00:00:00', 1, 0),
(1037, 5, '', '', '41be18b0-ffdd-11e4-90e1-2f6bd7589418', '2015-05-21 17:17:28', '0000-00-00 00:00:00', 1, 0),
(1038, 5, '', '', '36ac6d90-ffde-11e4-90e1-2f6bd7589418', '2015-05-21 17:24:19', '0000-00-00 00:00:00', 1, 0),
(1039, 5, '', '', '7e234220-ffde-11e4-90e1-2f6bd7589418', '2015-05-21 17:26:19', '0000-00-00 00:00:00', 1, 0),
(1040, 5, '', '', 'fbda38d0-ffdf-11e4-90e1-2f6bd7589418', '2015-05-21 17:36:59', '0000-00-00 00:00:00', 1, 0),
(1041, 5, '', '', '66d9db10-ffe3-11e4-90e1-2f6bd7589418', '2015-05-21 18:01:27', '0000-00-00 00:00:00', 1, 0),
(1042, 5, '', '', '8270e960-0036-11e5-90e1-2f6bd7589418', '2015-05-22 03:56:22', '2015-05-22 03:57:56', 0, 0),
(1043, 5, '', '', 'bb54f7d0-0036-11e5-90e1-2f6bd7589418', '2015-05-22 03:57:57', '0000-00-00 00:00:00', 1, 0),
(1044, 5, '', '', '3f1b23e0-0038-11e5-90e1-2f6bd7589418', '2015-05-22 04:08:48', '2015-05-22 04:09:02', 0, 0),
(1045, 5, '', '', '481cbe40-0038-11e5-90e1-2f6bd7589418', '2015-05-22 04:09:03', '2015-05-22 04:12:40', 0, 0),
(1046, 5, '', '', 'ca5784d0-0038-11e5-90e1-2f6bd7589418', '2015-05-22 04:12:41', '0000-00-00 00:00:00', 1, 0),
(1047, 5, '', '', '1a92eac0-0039-11e5-90e1-2f6bd7589418', '2015-05-22 04:14:56', '0000-00-00 00:00:00', 1, 0),
(1048, 5, '', '', '94988eb0-0039-11e5-90e1-2f6bd7589418', '2015-05-22 04:18:21', '0000-00-00 00:00:00', 1, 0),
(1049, 5, '', '', 'e044cf90-0039-11e5-90e1-2f6bd7589418', '2015-05-22 04:20:28', '2015-05-22 04:20:48', 0, 0),
(1050, 5, '', '', 'ecf8c390-0039-11e5-90e1-2f6bd7589418', '2015-05-22 04:20:49', '0000-00-00 00:00:00', 1, 0),
(1051, 5, '', '', '65b9b280-003a-11e5-90e1-2f6bd7589418', '2015-05-22 04:24:11', '2015-05-22 09:09:08', 0, 0),
(1052, 5, '', 'ab3e903602e27dc', '5559fd20-0051-11e5-90e1-2f6bd7589418', '2015-05-22 07:08:22', '0000-00-00 00:00:00', 1, 1),
(1053, 24, 'SHOPPER', 'ab3e903602e27dc', '286bf470-0052-11e5-90e1-2f6bd7589418', '2015-05-22 07:14:17', '0000-00-00 00:00:00', 1, 0),
(1054, 5, '', '', '353997b0-0062-11e5-90e1-2f6bd7589418', '2015-05-22 09:09:10', '2015-05-22 11:31:15', 0, 0),
(1055, 24, 'SHOPPER', '21e462d1648e6b02', 'f6a4f0d0-0070-11e5-90e1-2f6bd7589418', '2015-05-22 10:54:47', '0000-00-00 00:00:00', 1, 0),
(1056, 24, 'SHOPPER', '21e462d1648e6b02', '0f2fe650-0071-11e5-90e1-2f6bd7589418', '2015-05-22 10:55:29', '0000-00-00 00:00:00', 1, 0),
(1057, 5, '', '', '1332b7a0-0076-11e5-90e1-2f6bd7589418', '2015-05-22 11:31:23', '0000-00-00 00:00:00', 1, 0),
(1058, 5, '', '', 'd8fc0a50-009d-11e5-90e1-2f6bd7589418', '2015-05-22 16:16:05', '0000-00-00 00:00:00', 1, 0),
(1059, 5, '', '', 'aa7d7f80-00ff-11e5-90e1-2f6bd7589418', '2015-05-23 03:56:18', '2015-05-23 04:02:04', 0, 0),
(1060, 5, '', '', '79f67190-0100-11e5-90e1-2f6bd7589418', '2015-05-23 04:02:06', '2015-05-23 04:02:15', 0, 0),
(1061, 5, '', '', '878e5cf0-0100-11e5-90e1-2f6bd7589418', '2015-05-23 04:02:29', '0000-00-00 00:00:00', 1, 0),
(1062, 5, '', '', '072d9110-0101-11e5-90e1-2f6bd7589418', '2015-05-23 04:06:03', '0000-00-00 00:00:00', 1, 0),
(1063, 5, '', '', 'fed9f480-0101-11e5-90e1-2f6bd7589418', '2015-05-23 04:12:58', '0000-00-00 00:00:00', 1, 0),
(1064, 5, '', '', '19969710-0102-11e5-90e1-2f6bd7589418', '2015-05-23 04:13:43', '0000-00-00 00:00:00', 1, 0),
(1065, 5, '', '', 'cefd3050-0102-11e5-90e1-2f6bd7589418', '2015-05-23 04:18:47', '0000-00-00 00:00:00', 1, 0),
(1066, 5, '', '', 'f3b9ca70-0102-11e5-90e1-2f6bd7589418', '2015-05-23 04:19:49', '0000-00-00 00:00:00', 1, 0),
(1067, 5, '', '', '1316a910-0103-11e5-90e1-2f6bd7589418', '2015-05-23 04:20:42', '0000-00-00 00:00:00', 1, 0),
(1068, 5, '', '', '57642a20-0103-11e5-90e1-2f6bd7589418', '2015-05-23 04:22:36', '0000-00-00 00:00:00', 1, 0),
(1069, 5, '', '', 'bfbf7240-0104-11e5-90e1-2f6bd7589418', '2015-05-23 04:32:41', '0000-00-00 00:00:00', 1, 0),
(1070, 5, '', '', 'ebf028f0-0104-11e5-90e1-2f6bd7589418', '2015-05-23 04:33:55', '0000-00-00 00:00:00', 1, 0),
(1071, 5, '', '', '1a7e7eb0-0105-11e5-90e1-2f6bd7589418', '2015-05-23 04:35:13', '2015-05-23 04:35:25', 0, 0),
(1072, 5, '', '', '22c75060-0105-11e5-90e1-2f6bd7589418', '2015-05-23 04:35:27', '0000-00-00 00:00:00', 1, 0),
(1073, 5, '', '', '4662ea20-0105-11e5-90e1-2f6bd7589418', '2015-05-23 04:36:27', '0000-00-00 00:00:00', 1, 0),
(1074, 5, '', '', '85ec2c60-0105-11e5-90e1-2f6bd7589418', '2015-05-23 04:38:13', '2015-05-23 04:39:00', 0, 0),
(1075, 5, '', '', 'a3b99160-0105-11e5-90e1-2f6bd7589418', '2015-05-23 04:39:03', '0000-00-00 00:00:00', 1, 0),
(1076, 5, '', '', 'bc8ba200-0105-11e5-90e1-2f6bd7589418', '2015-05-23 04:39:45', '0000-00-00 00:00:00', 1, 0),
(1077, 5, '', '', 'f1390ba0-0105-11e5-90e1-2f6bd7589418', '2015-05-23 04:41:13', '0000-00-00 00:00:00', 1, 0),
(1078, 5, '', '', '1151c030-0106-11e5-90e1-2f6bd7589418', '2015-05-23 04:42:07', '0000-00-00 00:00:00', 1, 0),
(1079, 5, '', '', '4f094fb0-0106-11e5-90e1-2f6bd7589418', '2015-05-23 04:43:51', '2015-05-23 04:44:00', 0, 0),
(1080, 5, '', '', '551a32c0-0106-11e5-90e1-2f6bd7589418', '2015-05-23 04:44:01', '0000-00-00 00:00:00', 1, 0),
(1081, 5, '', '', '7b2768c0-0106-11e5-90e1-2f6bd7589418', '2015-05-23 04:45:05', '0000-00-00 00:00:00', 1, 0),
(1082, 5, '', '', 'ba0269a0-0106-11e5-90e1-2f6bd7589418', '2015-05-23 04:46:50', '0000-00-00 00:00:00', 1, 0),
(1083, 5, '', '', '1c8168b0-0107-11e5-90e1-2f6bd7589418', '2015-05-23 04:49:35', '2015-05-23 04:49:45', 0, 0),
(1084, 5, '', '', '247870e0-0107-11e5-90e1-2f6bd7589418', '2015-05-23 04:49:49', '2015-05-23 04:49:58', 0, 0),
(1085, 5, '', '', '2c4beb80-0107-11e5-90e1-2f6bd7589418', '2015-05-23 04:50:02', '0000-00-00 00:00:00', 1, 0),
(1086, 5, '', '', '9301b670-0107-11e5-90e1-2f6bd7589418', '2015-05-23 04:52:54', '0000-00-00 00:00:00', 1, 0),
(1087, 5, '', '', 'c3bdc1a0-0107-11e5-90e1-2f6bd7589418', '2015-05-23 04:54:16', '0000-00-00 00:00:00', 1, 0),
(1088, 5, '', '', 'f037dd60-0107-11e5-90e1-2f6bd7589418', '2015-05-23 04:55:31', '0000-00-00 00:00:00', 1, 0),
(1089, 5, '', '', '164e6230-0108-11e5-90e1-2f6bd7589418', '2015-05-23 04:56:35', '0000-00-00 00:00:00', 1, 0),
(1090, 5, '', '', '26212260-0108-11e5-90e1-2f6bd7589418', '2015-05-23 04:57:01', '0000-00-00 00:00:00', 1, 0),
(1091, 5, '', '', '3694dd80-0108-11e5-90e1-2f6bd7589418', '2015-05-23 04:57:29', '0000-00-00 00:00:00', 1, 0),
(1092, 5, '', '', '46557540-0108-11e5-90e1-2f6bd7589418', '2015-05-23 04:57:55', '0000-00-00 00:00:00', 1, 0),
(1093, 5, '', '', '592262a0-0108-11e5-90e1-2f6bd7589418', '2015-05-23 04:58:27', '0000-00-00 00:00:00', 1, 0),
(1094, 5, '', '', '805f6610-0108-11e5-90e1-2f6bd7589418', '2015-05-23 04:59:32', '0000-00-00 00:00:00', 1, 0),
(1095, 5, '', '', '92055fa0-0108-11e5-90e1-2f6bd7589418', '2015-05-23 05:00:02', '0000-00-00 00:00:00', 1, 0),
(1096, 5, '', '', 'a04d8830-0108-11e5-90e1-2f6bd7589418', '2015-05-23 05:00:26', '0000-00-00 00:00:00', 1, 0),
(1097, 5, '', '', '3684e280-0109-11e5-90e1-2f6bd7589418', '2015-05-23 05:04:38', '0000-00-00 00:00:00', 1, 0),
(1098, 5, '', '', '65b51d90-0109-11e5-90e1-2f6bd7589418', '2015-05-23 05:05:57', '0000-00-00 00:00:00', 1, 0),
(1099, 5, '', '', '8c31b730-0109-11e5-90e1-2f6bd7589418', '2015-05-23 05:07:02', '0000-00-00 00:00:00', 1, 0),
(1100, 5, '', '', 'a604e420-0109-11e5-90e1-2f6bd7589418', '2015-05-23 05:07:45', '0000-00-00 00:00:00', 1, 0),
(1101, 5, '', '', '0eaf7a30-010a-11e5-90e1-2f6bd7589418', '2015-05-23 05:10:41', '2015-05-23 05:12:10', 0, 0),
(1102, 5, '', '', '44836270-010a-11e5-90e1-2f6bd7589418', '2015-05-23 05:12:11', '2015-05-23 05:13:11', 0, 0),
(1103, 5, '', '', '68d81300-010a-11e5-90e1-2f6bd7589418', '2015-05-23 05:13:12', '0000-00-00 00:00:00', 1, 0),
(1104, 5, '', '', 'c1264680-010a-11e5-90e1-2f6bd7589418', '2015-05-23 05:15:40', '0000-00-00 00:00:00', 1, 0),
(1105, 5, '', '', 'dcadda30-010a-11e5-90e1-2f6bd7589418', '2015-05-23 05:16:26', '0000-00-00 00:00:00', 1, 0),
(1106, 5, '', '', 'f0f1fe40-010a-11e5-90e1-2f6bd7589418', '2015-05-23 05:17:00', '0000-00-00 00:00:00', 1, 0),
(1107, 5, '', '', '0245b920-010b-11e5-90e1-2f6bd7589418', '2015-05-23 05:17:29', '0000-00-00 00:00:00', 1, 0),
(1108, 5, '', '', '1e576460-010b-11e5-90e1-2f6bd7589418', '2015-05-23 05:18:16', '0000-00-00 00:00:00', 1, 0),
(1109, 5, '', '', 'eab078d0-010b-11e5-90e1-2f6bd7589418', '2015-05-23 05:23:59', '0000-00-00 00:00:00', 1, 0),
(1110, 24, 'SHOPPER', 'ab3e903602e27dc', 'c6331320-0122-11e5-90e1-2f6bd7589418', '2015-05-23 08:07:37', '0000-00-00 00:00:00', 1, 0),
(1111, 24, 'SHOPPER', '21e462d1648e6b02', 'a8749040-01e8-11e5-90e1-2f6bd7589418', '2015-05-24 07:44:07', '0000-00-00 00:00:00', 1, 0),
(1112, 24, 'SHOPPER', '21e462d1648e6b02', 'd281f1c0-01e8-11e5-90e1-2f6bd7589418', '2015-05-24 07:45:18', '0000-00-00 00:00:00', 1, 0),
(1113, 24, 'SHOPPER', '21e462d1648e6b02', '2efe65a0-01e9-11e5-90e1-2f6bd7589418', '2015-05-24 07:47:53', '0000-00-00 00:00:00', 1, 0),
(1114, 24, 'SHOPPER', '21e462d1648e6b02', '34e62af0-01eb-11e5-90e1-2f6bd7589418', '2015-05-24 08:02:22', '0000-00-00 00:00:00', 1, 0),
(1115, 24, 'SHOPPER', '21e462d1648e6b02', '3a4e9900-01eb-11e5-90e1-2f6bd7589418', '2015-05-24 08:02:31', '0000-00-00 00:00:00', 1, 0),
(1116, 24, 'SHOPPER', '21e462d1648e6b02', '3b01e370-01eb-11e5-90e1-2f6bd7589418', '2015-05-24 08:02:32', '0000-00-00 00:00:00', 1, 0),
(1117, 24, 'SHOPPER', '21e462d1648e6b02', '3f2c7a50-01eb-11e5-90e1-2f6bd7589418', '2015-05-24 08:02:39', '0000-00-00 00:00:00', 1, 0),
(1118, 24, 'SHOPPER', '21e462d1648e6b02', 'c002c780-01ee-11e5-90e1-2f6bd7589418', '2015-05-24 08:27:43', '0000-00-00 00:00:00', 1, 0),
(1119, 24, 'SHOPPER', '21e462d1648e6b02', 'ce797a20-01ee-11e5-90e1-2f6bd7589418', '2015-05-24 08:28:08', '0000-00-00 00:00:00', 1, 0),
(1120, 24, 'SHOPPER', '21e462d1648e6b02', '6028b440-01ef-11e5-90e1-2f6bd7589418', '2015-05-24 08:32:12', '0000-00-00 00:00:00', 1, 0),
(1121, 24, 'SHOPPER', '21e462d1648e6b02', '6f066610-01ef-11e5-90e1-2f6bd7589418', '2015-05-24 08:32:37', '0000-00-00 00:00:00', 1, 0),
(1122, 24, 'SHOPPER', '21e462d1648e6b02', '9ba8a340-01ef-11e5-90e1-2f6bd7589418', '2015-05-24 08:33:52', '0000-00-00 00:00:00', 1, 0),
(1123, 24, 'SHOPPER', '21e462d1648e6b02', '0a1c6500-01f0-11e5-90e1-2f6bd7589418', '2015-05-24 08:36:57', '0000-00-00 00:00:00', 1, 0),
(1124, 24, 'SHOPPER', '21e462d1648e6b02', '2a9058f0-01f0-11e5-90e1-2f6bd7589418', '2015-05-24 08:37:52', '0000-00-00 00:00:00', 1, 0),
(1125, 24, 'SHOPPER', '21e462d1648e6b02', 'bf611e60-01f0-11e5-90e1-2f6bd7589418', '2015-05-24 08:42:01', '0000-00-00 00:00:00', 1, 0),
(1126, 24, 'SHOPPER', '21e462d1648e6b02', '50a5c0c0-01fa-11e5-90e1-2f6bd7589418', '2015-05-24 09:50:31', '0000-00-00 00:00:00', 1, 0),
(1127, 24, 'SHOPPER', '21e462d1648e6b02', '60bb5650-01fa-11e5-90e1-2f6bd7589418', '2015-05-24 09:50:58', '0000-00-00 00:00:00', 1, 0),
(1128, 5, '', '', 'c45b0040-01fd-11e5-90e1-2f6bd7589418', '2015-05-24 10:15:13', '0000-00-00 00:00:00', 1, 0),
(1129, 5, '', '', 'a19adcf0-01fe-11e5-90e1-2f6bd7589418', '2015-05-24 10:21:24', '0000-00-00 00:00:00', 1, 0),
(1130, 5, '', '', 'dd7e21a0-01fe-11e5-90e1-2f6bd7589418', '2015-05-24 10:23:05', '0000-00-00 00:00:00', 1, 0),
(1131, 5, '', '', '31d55160-01ff-11e5-90e1-2f6bd7589418', '2015-05-24 10:25:26', '0000-00-00 00:00:00', 1, 0),
(1132, 5, '', '', '27455960-0200-11e5-90e1-2f6bd7589418', '2015-05-24 10:32:18', '0000-00-00 00:00:00', 1, 0),
(1133, 5, '', '', 'a44132e0-0200-11e5-90e1-2f6bd7589418', '2015-05-24 10:35:48', '0000-00-00 00:00:00', 1, 0),
(1134, 5, '', '', '64cf7ad0-0201-11e5-90e1-2f6bd7589418', '2015-05-24 10:41:11', '0000-00-00 00:00:00', 1, 0),
(1135, 5, '', '', '21d86c90-0202-11e5-90e1-2f6bd7589418', '2015-05-24 10:46:28', '0000-00-00 00:00:00', 1, 0),
(1136, 5, '', '', '8eab0170-0202-11e5-90e1-2f6bd7589418', '2015-05-24 10:49:31', '0000-00-00 00:00:00', 1, 0),
(1137, 5, '', '', '032c5570-0204-11e5-90e1-2f6bd7589418', '2015-05-24 10:59:56', '0000-00-00 00:00:00', 1, 0),
(1138, 5, '', '', '3268ec90-0204-11e5-90e1-2f6bd7589418', '2015-05-24 11:01:15', '0000-00-00 00:00:00', 1, 0),
(1139, 5, '', '', '7771f570-0204-11e5-90e1-2f6bd7589418', '2015-05-24 11:03:11', '0000-00-00 00:00:00', 1, 0),
(1140, 5, '', '', '4e880fe0-0205-11e5-90e1-2f6bd7589418', '2015-05-24 11:09:12', '0000-00-00 00:00:00', 1, 0),
(1141, 5, '', '', '37cd2a00-0206-11e5-90e1-2f6bd7589418', '2015-05-24 11:15:43', '0000-00-00 00:00:00', 1, 0),
(1142, 5, '', '', 'cd2743b0-0206-11e5-90e1-2f6bd7589418', '2015-05-24 11:19:53', '0000-00-00 00:00:00', 1, 0),
(1143, 5, '', '', '044a4130-0207-11e5-90e1-2f6bd7589418', '2015-05-24 11:21:26', '0000-00-00 00:00:00', 1, 0),
(1144, 5, '', '', '37b762a0-0207-11e5-90e1-2f6bd7589418', '2015-05-24 11:22:52', '0000-00-00 00:00:00', 1, 0),
(1145, 5, '', '', '58e92850-0207-11e5-90e1-2f6bd7589418', '2015-05-24 11:23:48', '0000-00-00 00:00:00', 1, 0),
(1146, 5, '', '', '6e287540-0207-11e5-90e1-2f6bd7589418', '2015-05-24 11:24:24', '0000-00-00 00:00:00', 1, 0),
(1147, 5, '', '', '7df78bf0-0207-11e5-90e1-2f6bd7589418', '2015-05-24 11:24:50', '0000-00-00 00:00:00', 1, 0),
(1148, 5, '', '', 'b2e273c0-0207-11e5-90e1-2f6bd7589418', '2015-05-24 11:26:19', '0000-00-00 00:00:00', 1, 0),
(1149, 5, '', '', 'c5bd91f0-0207-11e5-90e1-2f6bd7589418', '2015-05-24 11:26:51', '0000-00-00 00:00:00', 1, 0),
(1150, 5, '', '', 'e700e3d0-0207-11e5-90e1-2f6bd7589418', '2015-05-24 11:27:46', '0000-00-00 00:00:00', 1, 0),
(1151, 5, '', '', '70024810-0238-11e5-90e1-2f6bd7589418', '2015-05-24 17:15:12', '0000-00-00 00:00:00', 1, 0),
(1152, 24, 'SHOPPER', '21e462d1648e6b02', '00d4d800-02a0-11e5-90e1-2f6bd7589418', '2015-05-25 05:36:33', '0000-00-00 00:00:00', 1, 0),
(1153, 24, 'SHOPPER', '21e462d1648e6b02', '3cd7d9b0-02a0-11e5-90e1-2f6bd7589418', '2015-05-25 05:38:14', '0000-00-00 00:00:00', 1, 0),
(1154, 24, 'SHOPPER', 'ab3e903602e27dc', '6bf10850-02b6-11e5-90e1-2f6bd7589418', '2015-05-25 08:17:02', '2015-05-25 08:17:09', 0, 0),
(1155, 24, 'SHOPPER', 'ab3e903602e27dc', '9927eef0-02b7-11e5-90e1-2f6bd7589418', '2015-05-25 08:25:27', '2015-05-25 08:25:45', 0, 0),
(1156, 24, 'SHOPPER', 'ab3e903602e27dc', '2d480200-02b8-11e5-90e1-2f6bd7589418', '2015-05-25 08:29:36', '2015-05-25 08:29:43', 0, 0),
(1157, 24, 'SHOPPER', 'ab3e903602e27dc', '6972aff0-02b8-11e5-90e1-2f6bd7589418', '2015-05-25 08:31:17', '2015-05-25 08:32:38', 0, 0),
(1158, 24, 'SHOPPER', 'ab3e903602e27dc', '9ed3b220-02b8-11e5-90e1-2f6bd7589418', '2015-05-25 08:32:46', '0000-00-00 00:00:00', 1, 1),
(1159, 5, '', '', '1f6a19e0-02ed-11e5-90e1-2f6bd7589418', '2015-05-25 14:48:36', '0000-00-00 00:00:00', 1, 0),
(1160, 5, '', '', 'd088f750-02ed-11e5-90e1-2f6bd7589418', '2015-05-25 14:53:33', '0000-00-00 00:00:00', 1, 0),
(1161, 5, '', '', '410d2280-02ee-11e5-90e1-2f6bd7589418', '2015-05-25 14:56:42', '0000-00-00 00:00:00', 1, 0),
(1162, 5, '', '', 'a1c71900-02ee-11e5-90e1-2f6bd7589418', '2015-05-25 14:59:24', '0000-00-00 00:00:00', 1, 0),
(1163, 5, '', '', '1e037310-02ef-11e5-90e1-2f6bd7589418', '2015-05-25 15:02:52', '0000-00-00 00:00:00', 1, 0),
(1164, 5, '', '', '053df350-02f4-11e5-90e1-2f6bd7589418', '2015-05-25 15:37:58', '0000-00-00 00:00:00', 1, 0),
(1165, 5, '', '', '75ff8ac0-02f6-11e5-90e1-2f6bd7589418', '2015-05-25 15:55:26', '0000-00-00 00:00:00', 1, 0),
(1166, 5, '', '', '91e2fa10-02f6-11e5-90e1-2f6bd7589418', '2015-05-25 15:56:13', '0000-00-00 00:00:00', 1, 0),
(1167, 5, '', '', 'b94008a0-02f6-11e5-90e1-2f6bd7589418', '2015-05-25 15:57:19', '0000-00-00 00:00:00', 1, 0),
(1168, 5, '', '', 'e96c08d0-02f6-11e5-90e1-2f6bd7589418', '2015-05-25 15:58:40', '0000-00-00 00:00:00', 1, 0),
(1169, 5, '', '', 'ca6480b0-02f7-11e5-90e1-2f6bd7589418', '2015-05-25 16:04:58', '0000-00-00 00:00:00', 1, 0),
(1170, 5, '', '', 'ff4f4170-02f7-11e5-90e1-2f6bd7589418', '2015-05-25 16:06:26', '0000-00-00 00:00:00', 1, 0),
(1171, 5, '', '', '5e744010-02f8-11e5-90e1-2f6bd7589418', '2015-05-25 16:09:06', '0000-00-00 00:00:00', 1, 0),
(1172, 5, '', '', '8eea1a80-02f8-11e5-90e1-2f6bd7589418', '2015-05-25 16:10:27', '2015-05-25 16:11:00', 0, 0),
(1173, 5, '', '', 'a2ce9260-02f8-11e5-90e1-2f6bd7589418', '2015-05-25 16:11:01', '0000-00-00 00:00:00', 1, 0),
(1174, 5, '', '', 'c9054960-02f8-11e5-90e1-2f6bd7589418', '2015-05-25 16:12:05', '0000-00-00 00:00:00', 1, 0),
(1175, 5, '', '', 'ea3adfa0-02f8-11e5-90e1-2f6bd7589418', '2015-05-25 16:13:00', '0000-00-00 00:00:00', 1, 0),
(1176, 5, '', '', '02b58170-02f9-11e5-90e1-2f6bd7589418', '2015-05-25 16:13:42', '0000-00-00 00:00:00', 1, 0),
(1177, 5, '', '', '1639ff00-02f9-11e5-90e1-2f6bd7589418', '2015-05-25 16:14:14', '0000-00-00 00:00:00', 1, 0),
(1178, 5, '', '', '53011400-02f9-11e5-90e1-2f6bd7589418', '2015-05-25 16:15:56', '0000-00-00 00:00:00', 1, 0),
(1179, 5, '', '', '09bcd5a0-02fd-11e5-90e1-2f6bd7589418', '2015-05-25 16:42:31', '0000-00-00 00:00:00', 1, 0),
(1180, 5, '', '', 'd5dd25d0-0308-11e5-a0d4-cf5da8d63bdb', '2015-05-25 18:06:58', '0000-00-00 00:00:00', 1, 0),
(1181, 19, '', '', 'dc954ff0-0309-11e5-a0d4-cf5da8d63bdb', '2015-05-25 18:14:19', '0000-00-00 00:00:00', 1, 0),
(1182, 5, '', '', '233154e0-030a-11e5-a0d4-cf5da8d63bdb', '2015-05-25 18:16:17', '2015-05-25 18:16:51', 0, 0),
(1183, 19, '', '', '39aaa870-030a-11e5-a0d4-cf5da8d63bdb', '2015-05-25 18:16:55', '0000-00-00 00:00:00', 1, 0),
(1184, 19, '', '', 'ae1c8890-030a-11e5-a0d4-cf5da8d63bdb', '2015-05-25 18:20:11', '0000-00-00 00:00:00', 1, 0),
(1185, 19, '', '', '20eaf1e0-030b-11e5-a0d4-cf5da8d63bdb', '2015-05-25 18:23:23', '0000-00-00 00:00:00', 1, 0),
(1186, 19, '', '', '4b92e5b0-030b-11e5-a0d4-cf5da8d63bdb', '2015-05-25 18:24:35', '0000-00-00 00:00:00', 1, 0),
(1187, 19, '', '', 'a1e178a0-030b-11e5-a0d4-cf5da8d63bdb', '2015-05-25 18:27:00', '0000-00-00 00:00:00', 1, 0),
(1188, 19, '', '', 'ae91f4c0-030c-11e5-a0d4-cf5da8d63bdb', '2015-05-25 18:34:30', '0000-00-00 00:00:00', 1, 0),
(1189, 17, 'SHOPPER', '1eb70c10-f3cf-11e4-a031-cfdf368a59cb', '7c713730-0311-11e5-9e93-ed9b3c851c74', '2015-05-25 19:08:54', '0000-00-00 00:00:00', 1, 1),
(1190, 24, 'SHOPPER', '21e462d1648e6b02', '69a7ef80-0362-11e5-9e93-ed9b3c851c74', '2015-05-26 04:48:11', '0000-00-00 00:00:00', 1, 0),
(1191, 19, '', '', '4f7e1a70-038b-11e5-9e93-ed9b3c851c74', '2015-05-26 09:40:57', '0000-00-00 00:00:00', 1, 0),
(1192, 26, 'SHIPPER', '', 'a5924200-03c3-11e5-9e93-ed9b3c851c74', '2015-05-26 16:24:13', '0000-00-00 00:00:00', 1, 0),
(1193, 26, 'SHIPPER', '', 'b25243f0-03c3-11e5-9e93-ed9b3c851c74', '2015-05-26 16:24:34', '0000-00-00 00:00:00', 1, 0),
(1194, 26, 'SHIPPER', '', '7fef9830-03c4-11e5-9e93-ed9b3c851c74', '2015-05-26 16:30:19', '0000-00-00 00:00:00', 1, 0),
(1195, 26, 'SHIPPER', '', 'ba1db2d0-03c4-11e5-9e93-ed9b3c851c74', '2015-05-26 16:31:57', '0000-00-00 00:00:00', 1, 0),
(1196, 26, '', '', '00fb5e90-041b-11e5-9e93-ed9b3c851c74', '2015-05-27 02:49:33', '2015-05-27 02:49:44', 0, 0),
(1197, 19, '', '', '0a231e90-041b-11e5-9e93-ed9b3c851c74', '2015-05-27 02:49:48', '2015-05-27 02:49:53', 0, 0),
(1198, 5, '', '', '10935fb0-041b-11e5-9e93-ed9b3c851c74', '2015-05-27 02:49:59', '2015-05-27 02:50:32', 0, 0),
(1199, 27, 'SHIPPER', '', '3f90a3e0-041b-11e5-9e93-ed9b3c851c74', '2015-05-27 02:51:18', '2015-05-27 02:52:25', 0, 0),
(1200, 27, '', '', '6860f180-041b-11e5-9e93-ed9b3c851c74', '2015-05-27 02:52:26', '0000-00-00 00:00:00', 1, 1),
(1201, 28, 'SHIPPER', '', 'ad636ab0-041b-11e5-9e93-ed9b3c851c74', '2015-05-27 02:54:22', '2015-05-27 02:54:48', 0, 0),
(1202, 28, 'SHIPPER', '', 'bd5aa2d0-041b-11e5-9e93-ed9b3c851c74', '2015-05-27 02:54:49', '0000-00-00 00:00:00', 1, 0),
(1203, 28, 'SHIPPER', '', '0a2c29d0-041c-11e5-9e93-ed9b3c851c74', '2015-05-27 02:56:58', '0000-00-00 00:00:00', 1, 0),
(1204, 28, 'SHIPPER', '', '3f46fb40-041c-11e5-9e93-ed9b3c851c74', '2015-05-27 02:58:27', '0000-00-00 00:00:00', 1, 0),
(1205, 28, 'SHIPPER', '', '75f95540-041f-11e5-9e93-ed9b3c851c74', '2015-05-27 03:21:27', '0000-00-00 00:00:00', 1, 0),
(1206, 28, 'SHIPPER', '', '8dce4130-041f-11e5-9e93-ed9b3c851c74', '2015-05-27 03:22:07', '0000-00-00 00:00:00', 1, 0),
(1207, 28, 'SHIPPER', '', 'b7a5ecb0-041f-11e5-9e93-ed9b3c851c74', '2015-05-27 03:23:17', '0000-00-00 00:00:00', 1, 0),
(1208, 28, 'SHIPPER', '', '00ed3b80-0420-11e5-9e93-ed9b3c851c74', '2015-05-27 03:25:20', '0000-00-00 00:00:00', 1, 0),
(1209, 28, 'SHIPPER', '', '0de11eb0-0420-11e5-9e93-ed9b3c851c74', '2015-05-27 03:25:42', '0000-00-00 00:00:00', 1, 0),
(1210, 28, 'SHIPPER', '', '623a4a40-0420-11e5-9e93-ed9b3c851c74', '2015-05-27 03:28:03', '0000-00-00 00:00:00', 1, 0),
(1211, 28, 'SHIPPER', '', '0bfd7520-0421-11e5-9e93-ed9b3c851c74', '2015-05-27 03:32:48', '0000-00-00 00:00:00', 1, 0),
(1212, 28, 'SHIPPER', '', '3b296a70-0421-11e5-9e93-ed9b3c851c74', '2015-05-27 03:34:07', '0000-00-00 00:00:00', 1, 0),
(1213, 28, 'SHIPPER', '', '10438dd0-0422-11e5-9e93-ed9b3c851c74', '2015-05-27 03:40:05', '0000-00-00 00:00:00', 1, 0),
(1214, 28, 'SHIPPER', '', '41625270-0422-11e5-9e93-ed9b3c851c74', '2015-05-27 03:41:27', '0000-00-00 00:00:00', 1, 0),
(1215, 28, 'SHIPPER', '', '56581340-0422-11e5-9e93-ed9b3c851c74', '2015-05-27 03:42:02', '0000-00-00 00:00:00', 1, 0),
(1216, 28, 'SHIPPER', '', '713eac00-0422-11e5-9e93-ed9b3c851c74', '2015-05-27 03:42:48', '0000-00-00 00:00:00', 1, 0),
(1217, 28, 'SHIPPER', '', '2d050ba0-0423-11e5-9e93-ed9b3c851c74', '2015-05-27 03:48:03', '0000-00-00 00:00:00', 1, 0),
(1218, 28, 'SHIPPER', '', '4463b620-0423-11e5-9e93-ed9b3c851c74', '2015-05-27 03:48:42', '0000-00-00 00:00:00', 1, 0),
(1219, 28, 'SHIPPER', '', '76f36fe0-0423-11e5-9e93-ed9b3c851c74', '2015-05-27 03:50:07', '0000-00-00 00:00:00', 1, 0),
(1220, 28, 'SHIPPER', '', '1667d500-0426-11e5-9e93-ed9b3c851c74', '2015-05-27 04:08:53', '0000-00-00 00:00:00', 1, 0),
(1221, 28, 'SHIPPER', '', '51f00160-0426-11e5-9e93-ed9b3c851c74', '2015-05-27 04:10:33', '0000-00-00 00:00:00', 1, 0),
(1222, 28, 'SHIPPER', '', '7ee0d3c0-0426-11e5-9e93-ed9b3c851c74', '2015-05-27 04:11:48', '0000-00-00 00:00:00', 1, 0),
(1223, 28, 'SHIPPER', '', '65dad320-042c-11e5-9e93-ed9b3c851c74', '2015-05-27 04:54:03', '0000-00-00 00:00:00', 1, 0),
(1224, 24, 'SHOPPER', '40b1b2a658bc2f17', '2f3e3b50-043a-11e5-9e93-ed9b3c851c74', '2015-05-27 06:32:45', '0000-00-00 00:00:00', 1, 1),
(1225, 24, 'SHOPPER', 'd530c6497381da23', '9b2ba050-043a-11e5-9e93-ed9b3c851c74', '2015-05-27 06:35:46', '0000-00-00 00:00:00', 1, 1),
(1226, 28, 'SHIPPER', '', '58e7cdc0-0441-11e5-9e93-ed9b3c851c74', '2015-05-27 07:24:01', '0000-00-00 00:00:00', 1, 0),
(1227, 24, 'SHOPPER', '21e462d1648e6b02', 'd7180130-0444-11e5-9e93-ed9b3c851c74', '2015-05-27 07:49:01', '0000-00-00 00:00:00', 1, 1),
(1228, 26, '', '', '3a247ff0-0455-11e5-9e93-ed9b3c851c74', '2015-05-27 09:46:19', '0000-00-00 00:00:00', 1, 0),
(1229, 26, '', '', 'b858d970-0455-11e5-9e93-ed9b3c851c74', '2015-05-27 09:49:51', '0000-00-00 00:00:00', 1, 0),
(1230, 26, '', '', 'ffb3c190-0455-11e5-9e93-ed9b3c851c74', '2015-05-27 09:51:51', '0000-00-00 00:00:00', 1, 0),
(1231, 28, 'SHIPPER', '', 'aac91ce0-0480-11e5-9e93-ed9b3c851c74', '2015-05-27 14:57:17', '0000-00-00 00:00:00', 1, 0),
(1232, 28, 'SHIPPER', '', 'f8a0fae0-0481-11e5-9e93-ed9b3c851c74', '2015-05-27 15:06:37', '0000-00-00 00:00:00', 1, 0),
(1233, 28, 'SHIPPER', '', '17643190-0482-11e5-9e93-ed9b3c851c74', '2015-05-27 15:07:28', '0000-00-00 00:00:00', 1, 0),
(1234, 28, 'SHIPPER', '', '5b0741d0-0482-11e5-9e93-ed9b3c851c74', '2015-05-27 15:09:22', '0000-00-00 00:00:00', 1, 0),
(1235, 28, 'SHIPPER', '', '6b6fd960-0482-11e5-9e93-ed9b3c851c74', '2015-05-27 15:09:49', '0000-00-00 00:00:00', 1, 0),
(1236, 28, 'SHIPPER', '', '8b2f2350-0482-11e5-9e93-ed9b3c851c74', '2015-05-27 15:10:43', '0000-00-00 00:00:00', 1, 0),
(1237, 28, 'SHIPPER', '', '9b10d7a0-0482-11e5-9e93-ed9b3c851c74', '2015-05-27 15:11:09', '0000-00-00 00:00:00', 1, 0),
(1238, 28, 'SHIPPER', '', 'a7aef9b0-0482-11e5-9e93-ed9b3c851c74', '2015-05-27 15:11:31', '0000-00-00 00:00:00', 1, 0),
(1239, 28, 'SHIPPER', '', '799653b0-0483-11e5-9e93-ed9b3c851c74', '2015-05-27 15:17:23', '0000-00-00 00:00:00', 1, 0),
(1240, 28, 'SHIPPER', '', 'b660eb20-0483-11e5-9e93-ed9b3c851c74', '2015-05-27 15:19:05', '0000-00-00 00:00:00', 1, 0),
(1241, 28, 'SHIPPER', '', 'c476e020-0483-11e5-9e93-ed9b3c851c74', '2015-05-27 15:19:28', '0000-00-00 00:00:00', 1, 0),
(1242, 28, 'SHIPPER', '', '09858e50-0484-11e5-9e93-ed9b3c851c74', '2015-05-27 15:21:24', '0000-00-00 00:00:00', 1, 0),
(1243, 28, 'SHIPPER', '', '40180ba0-0484-11e5-9e93-ed9b3c851c74', '2015-05-27 15:22:56', '0000-00-00 00:00:00', 1, 0),
(1244, 28, 'SHIPPER', '', '4c25fba0-0484-11e5-9e93-ed9b3c851c74', '2015-05-27 15:23:16', '0000-00-00 00:00:00', 1, 0),
(1245, 28, 'SHIPPER', '', '554c5c10-0484-11e5-9e93-ed9b3c851c74', '2015-05-27 15:23:31', '0000-00-00 00:00:00', 1, 0),
(1246, 28, 'SHIPPER', '', '62aae7f0-0484-11e5-9e93-ed9b3c851c74', '2015-05-27 15:23:54', '0000-00-00 00:00:00', 1, 0),
(1247, 28, 'SHIPPER', '', '6cdcc4f0-0484-11e5-9e93-ed9b3c851c74', '2015-05-27 15:24:11', '0000-00-00 00:00:00', 1, 0),
(1248, 19, '', '', '89c79220-0484-11e5-9e93-ed9b3c851c74', '2015-05-27 15:24:59', '2015-05-27 17:02:56', 0, 1),
(1249, 28, 'SHIPPER', '', 'd2894b50-0486-11e5-9e93-ed9b3c851c74', '2015-05-27 15:41:20', '0000-00-00 00:00:00', 1, 0),
(1250, 28, 'SHIPPER', '', 'fc5e10a0-0486-11e5-9e93-ed9b3c851c74', '2015-05-27 15:42:31', '0000-00-00 00:00:00', 1, 0),
(1251, 28, 'SHIPPER', '', 'cbf052e0-048e-11e5-9e93-ed9b3c851c74', '2015-05-27 16:38:25', '0000-00-00 00:00:00', 1, 0),
(1252, 5, '', '', '253346a0-048f-11e5-9e93-ed9b3c851c74', '2015-05-27 16:40:55', '0000-00-00 00:00:00', 1, 0),
(1253, 28, 'SHIPPER', '', '489d9730-048f-11e5-9e93-ed9b3c851c74', '2015-05-27 16:41:54', '0000-00-00 00:00:00', 1, 0),
(1254, 28, 'SHIPPER', '', '62a875f0-048f-11e5-9e93-ed9b3c851c74', '2015-05-27 16:42:38', '0000-00-00 00:00:00', 1, 0),
(1255, 28, 'SHIPPER', '', '95198420-048f-11e5-9e93-ed9b3c851c74', '2015-05-27 16:44:03', '0000-00-00 00:00:00', 1, 0),
(1256, 28, 'SHIPPER', '', 'aa65c960-048f-11e5-9e93-ed9b3c851c74', '2015-05-27 16:44:39', '0000-00-00 00:00:00', 1, 0),
(1257, 28, 'SHIPPER', '', 'e7ec5dd0-048f-11e5-9e93-ed9b3c851c74', '2015-05-27 16:46:22', '0000-00-00 00:00:00', 1, 0),
(1258, 28, 'SHIPPER', '', 'fe424ae0-048f-11e5-9e93-ed9b3c851c74', '2015-05-27 16:46:59', '0000-00-00 00:00:00', 1, 0),
(1259, 28, 'SHIPPER', '', '0d6c6f00-0490-11e5-9e93-ed9b3c851c74', '2015-05-27 16:47:25', '0000-00-00 00:00:00', 1, 0),
(1260, 28, 'SHIPPER', '', '2c7205e0-0490-11e5-9e93-ed9b3c851c74', '2015-05-27 16:48:17', '0000-00-00 00:00:00', 1, 0),
(1261, 28, 'SHIPPER', '', '4f54d6f0-0490-11e5-9e93-ed9b3c851c74', '2015-05-27 16:49:15', '0000-00-00 00:00:00', 1, 0),
(1262, 28, 'SHIPPER', '', '6600fa50-0490-11e5-9e93-ed9b3c851c74', '2015-05-27 16:49:53', '0000-00-00 00:00:00', 1, 0),
(1263, 28, 'SHIPPER', '', 'a5434880-0490-11e5-9e93-ed9b3c851c74', '2015-05-27 16:51:39', '0000-00-00 00:00:00', 1, 0),
(1264, 28, 'SHIPPER', '', 'bbbd3850-0490-11e5-9e93-ed9b3c851c74', '2015-05-27 16:52:17', '0000-00-00 00:00:00', 1, 0),
(1265, 28, 'SHIPPER', '', '01719c60-0491-11e5-9e93-ed9b3c851c74', '2015-05-27 16:54:14', '0000-00-00 00:00:00', 1, 0),
(1266, 28, 'SHIPPER', '', '12d20170-0491-11e5-9e93-ed9b3c851c74', '2015-05-27 16:54:43', '0000-00-00 00:00:00', 1, 0),
(1267, 28, 'SHIPPER', '', 'e60f2770-0491-11e5-9e93-ed9b3c851c74', '2015-05-27 17:00:38', '0000-00-00 00:00:00', 1, 0),
(1268, 5, '', '', '3b14e6b0-0492-11e5-9e93-ed9b3c851c74', '2015-05-27 17:03:00', '0000-00-00 00:00:00', 1, 0),
(1269, 26, '', '', 'bed84910-0492-11e5-9e93-ed9b3c851c74', '2015-05-27 17:06:41', '0000-00-00 00:00:00', 1, 0),
(1270, 26, '', '', '2a734850-0493-11e5-9e93-ed9b3c851c74', '2015-05-27 17:09:42', '0000-00-00 00:00:00', 1, 0),
(1271, 26, '', '', '6e5cbaf0-0494-11e5-9e93-ed9b3c851c74', '2015-05-27 17:18:45', '0000-00-00 00:00:00', 1, 0),
(1272, 28, 'SHIPPER', '', 'c11c8c60-0495-11e5-9e93-ed9b3c851c74', '2015-05-27 17:28:14', '0000-00-00 00:00:00', 1, 0),
(1273, 28, 'SHIPPER', '', 'd53f6cd0-0495-11e5-9e93-ed9b3c851c74', '2015-05-27 17:28:47', '0000-00-00 00:00:00', 1, 0),
(1274, 28, 'SHIPPER', '', 'f99e5690-0495-11e5-9e93-ed9b3c851c74', '2015-05-27 17:29:48', '0000-00-00 00:00:00', 1, 0),
(1275, 28, 'SHIPPER', '', '092f04b0-0496-11e5-9e93-ed9b3c851c74', '2015-05-27 17:30:15', '0000-00-00 00:00:00', 1, 0),
(1276, 28, 'SHIPPER', '', '143c2680-0496-11e5-9e93-ed9b3c851c74', '2015-05-27 17:30:33', '0000-00-00 00:00:00', 1, 0),
(1277, 28, 'SHIPPER', '', '1c12ae60-0496-11e5-9e93-ed9b3c851c74', '2015-05-27 17:30:46', '0000-00-00 00:00:00', 1, 0),
(1278, 28, 'SHIPPER', '', '25fdbe60-0496-11e5-9e93-ed9b3c851c74', '2015-05-27 17:31:03', '0000-00-00 00:00:00', 1, 0),
(1279, 28, 'SHIPPER', '', '751f9e00-0496-11e5-9e93-ed9b3c851c74', '2015-05-27 17:33:16', '0000-00-00 00:00:00', 1, 0),
(1280, 28, 'SHIPPER', '', 'c97212d0-0496-11e5-9e93-ed9b3c851c74', '2015-05-27 17:35:37', '0000-00-00 00:00:00', 1, 0),
(1281, 28, 'SHIPPER', '', 'f3805eb0-0496-11e5-9e93-ed9b3c851c74', '2015-05-27 17:36:48', '0000-00-00 00:00:00', 1, 0),
(1282, 28, 'SHIPPER', '', '01d72d40-0497-11e5-9e93-ed9b3c851c74', '2015-05-27 17:37:12', '0000-00-00 00:00:00', 1, 0),
(1283, 28, 'SHIPPER', '', '65d21df0-0497-11e5-9e93-ed9b3c851c74', '2015-05-27 17:39:59', '0000-00-00 00:00:00', 1, 0),
(1284, 28, 'SHIPPER', '', '762f91f0-0497-11e5-9e93-ed9b3c851c74', '2015-05-27 17:40:27', '0000-00-00 00:00:00', 1, 0),
(1285, 28, 'SHIPPER', '', 'aacb2140-0497-11e5-9e93-ed9b3c851c74', '2015-05-27 17:41:55', '0000-00-00 00:00:00', 1, 0),
(1286, 28, 'SHIPPER', '', 'b894f210-0497-11e5-9e93-ed9b3c851c74', '2015-05-27 17:42:18', '0000-00-00 00:00:00', 1, 0),
(1287, 28, 'SHIPPER', '', 'bf934260-0497-11e5-9e93-ed9b3c851c74', '2015-05-27 17:42:30', '0000-00-00 00:00:00', 1, 0),
(1288, 28, 'SHIPPER', '', 'deaa1750-0497-11e5-9e93-ed9b3c851c74', '2015-05-27 17:43:22', '0000-00-00 00:00:00', 1, 0),
(1289, 28, 'SHIPPER', '', 'e7382f60-0497-11e5-9e93-ed9b3c851c74', '2015-05-27 17:43:37', '0000-00-00 00:00:00', 1, 0),
(1290, 28, 'SHIPPER', '', '0a7d6bc0-0498-11e5-9e93-ed9b3c851c74', '2015-05-27 17:44:36', '0000-00-00 00:00:00', 1, 0),
(1291, 28, 'SHIPPER', '', '1c1163f0-0498-11e5-9e93-ed9b3c851c74', '2015-05-27 17:45:05', '0000-00-00 00:00:00', 1, 0),
(1292, 28, 'SHIPPER', '', '681ded40-0498-11e5-9e93-ed9b3c851c74', '2015-05-27 17:47:13', '0000-00-00 00:00:00', 1, 0),
(1293, 28, 'SHIPPER', '', '71f35260-0498-11e5-9e93-ed9b3c851c74', '2015-05-27 17:47:29', '0000-00-00 00:00:00', 1, 0),
(1294, 28, 'SHIPPER', '', 'dc073c70-0498-11e5-9e93-ed9b3c851c74', '2015-05-27 17:50:27', '0000-00-00 00:00:00', 1, 0);
INSERT INTO `access_token` (`id`, `user_id`, `user_type`, `device_token`, `access_token`, `login_time`, `logout_time`, `islogin`, `isactive`) VALUES
(1295, 28, 'SHIPPER', '', 'f00a86f0-0498-11e5-9e93-ed9b3c851c74', '2015-05-27 17:51:01', '0000-00-00 00:00:00', 1, 0),
(1296, 28, 'SHIPPER', '', '00952570-0499-11e5-9e93-ed9b3c851c74', '2015-05-27 17:51:29', '0000-00-00 00:00:00', 1, 0),
(1297, 28, 'SHIPPER', '', '13726680-0499-11e5-9e93-ed9b3c851c74', '2015-05-27 17:52:00', '0000-00-00 00:00:00', 1, 0),
(1298, 28, 'SHIPPER', '', '2070a9f0-0499-11e5-9e93-ed9b3c851c74', '2015-05-27 17:52:22', '0000-00-00 00:00:00', 1, 0),
(1299, 28, 'SHIPPER', '', 'ab0822e0-049a-11e5-9e93-ed9b3c851c74', '2015-05-27 18:03:24', '0000-00-00 00:00:00', 1, 0),
(1300, 28, 'SHIPPER', '', 'b7ed8720-049a-11e5-9e93-ed9b3c851c74', '2015-05-27 18:03:46', '0000-00-00 00:00:00', 1, 0),
(1301, 28, 'SHIPPER', '', 'c0d494a0-049a-11e5-9e93-ed9b3c851c74', '2015-05-27 18:04:01', '0000-00-00 00:00:00', 1, 0),
(1302, 28, 'SHIPPER', '', 'eaeea050-049a-11e5-9e93-ed9b3c851c74', '2015-05-27 18:05:11', '0000-00-00 00:00:00', 1, 0),
(1303, 28, 'SHIPPER', '', 'f7df0110-049a-11e5-9e93-ed9b3c851c74', '2015-05-27 18:05:33', '0000-00-00 00:00:00', 1, 0),
(1304, 28, 'SHIPPER', '', '0145ecf0-049b-11e5-9e93-ed9b3c851c74', '2015-05-27 18:05:49', '0000-00-00 00:00:00', 1, 0),
(1305, 28, 'SHIPPER', '', '1886af30-049b-11e5-9e93-ed9b3c851c74', '2015-05-27 18:06:28', '0000-00-00 00:00:00', 1, 0),
(1306, 28, 'SHIPPER', '', '23554160-049b-11e5-9e93-ed9b3c851c74', '2015-05-27 18:06:46', '0000-00-00 00:00:00', 1, 0),
(1307, 28, 'SHIPPER', '', '2a99e980-049b-11e5-9e93-ed9b3c851c74', '2015-05-27 18:06:58', '0000-00-00 00:00:00', 1, 0),
(1308, 26, '', '', '370b5640-049b-11e5-9e93-ed9b3c851c74', '2015-05-27 18:07:19', '0000-00-00 00:00:00', 1, 0),
(1309, 28, 'SHIPPER', '', '6d4db7c0-049b-11e5-9e93-ed9b3c851c74', '2015-05-27 18:08:50', '0000-00-00 00:00:00', 1, 0),
(1310, 28, 'SHIPPER', '', '7e158650-049b-11e5-9e93-ed9b3c851c74', '2015-05-27 18:09:18', '0000-00-00 00:00:00', 1, 0),
(1311, 28, 'SHIPPER', '', '9fe9f4a0-049b-11e5-9e93-ed9b3c851c74', '2015-05-27 18:10:15', '0000-00-00 00:00:00', 1, 0),
(1312, 28, 'SHIPPER', '', 'b16ef8b0-049b-11e5-9e93-ed9b3c851c74', '2015-05-27 18:10:44', '0000-00-00 00:00:00', 1, 0),
(1313, 28, 'SHIPPER', '', 'c74a3780-049b-11e5-9e93-ed9b3c851c74', '2015-05-27 18:11:21', '0000-00-00 00:00:00', 1, 0),
(1314, 28, 'SHIPPER', '', 'd3d6a650-049b-11e5-9e93-ed9b3c851c74', '2015-05-27 18:11:42', '0000-00-00 00:00:00', 1, 0),
(1315, 28, 'SHIPPER', '', 'db8a63f0-049b-11e5-9e93-ed9b3c851c74', '2015-05-27 18:11:55', '0000-00-00 00:00:00', 1, 0),
(1316, 26, '', '', '15d52e50-049c-11e5-9e93-ed9b3c851c74', '2015-05-27 18:13:33', '0000-00-00 00:00:00', 1, 0),
(1317, 28, 'SHIPPER', '', 'bc4792d0-04e4-11e5-9e93-ed9b3c851c74', '2015-05-28 02:53:36', '0000-00-00 00:00:00', 1, 0),
(1318, 28, 'SHIPPER', '', '2ff1b620-04e5-11e5-9e93-ed9b3c851c74', '2015-05-28 02:56:50', '0000-00-00 00:00:00', 1, 0),
(1319, 28, 'SHIPPER', '', '486aaa40-04e5-11e5-9e93-ed9b3c851c74', '2015-05-28 02:57:31', '0000-00-00 00:00:00', 1, 0),
(1320, 28, 'SHIPPER', '', '46beb280-04e6-11e5-9e93-ed9b3c851c74', '2015-05-28 03:04:38', '0000-00-00 00:00:00', 1, 0),
(1321, 28, 'SHIPPER', '', 'a8105520-04e6-11e5-9e93-ed9b3c851c74', '2015-05-28 03:07:21', '0000-00-00 00:00:00', 1, 0),
(1322, 28, 'SHIPPER', '', 'bbbb4670-04e6-11e5-9e93-ed9b3c851c74', '2015-05-28 03:07:54', '0000-00-00 00:00:00', 1, 0),
(1323, 28, 'SHIPPER', '', 'b5622f70-04e9-11e5-9e93-ed9b3c851c74', '2015-05-28 03:29:12', '0000-00-00 00:00:00', 1, 0),
(1324, 28, 'SHIPPER', '', 'f1810110-04ea-11e5-9e93-ed9b3c851c74', '2015-05-28 03:38:02', '0000-00-00 00:00:00', 1, 0),
(1325, 28, 'SHIPPER', '', '1924b590-04eb-11e5-9e93-ed9b3c851c74', '2015-05-28 03:39:09', '0000-00-00 00:00:00', 1, 0),
(1326, 28, 'SHIPPER', '', 'ba2990a0-04eb-11e5-9e93-ed9b3c851c74', '2015-05-28 03:43:39', '0000-00-00 00:00:00', 1, 0),
(1327, 5, '', '', '16290c50-04ec-11e5-9e93-ed9b3c851c74', '2015-05-28 03:46:13', '0000-00-00 00:00:00', 1, 0),
(1328, 28, 'SHIPPER', '', '1998deb0-04ec-11e5-9e93-ed9b3c851c74', '2015-05-28 03:46:19', '0000-00-00 00:00:00', 1, 0),
(1329, 28, 'SHIPPER', '', '43ab7050-04ec-11e5-9e93-ed9b3c851c74', '2015-05-28 03:47:29', '0000-00-00 00:00:00', 1, 0),
(1330, 28, 'SHIPPER', '', '209e8c90-04ed-11e5-9e93-ed9b3c851c74', '2015-05-28 03:53:40', '0000-00-00 00:00:00', 1, 0),
(1331, 28, 'SHIPPER', '', 'df83df70-04ed-11e5-9e93-ed9b3c851c74', '2015-05-28 03:59:00', '0000-00-00 00:00:00', 1, 0),
(1332, 28, 'SHIPPER', '', 'fc2dac00-04ed-11e5-9e93-ed9b3c851c74', '2015-05-28 03:59:48', '0000-00-00 00:00:00', 1, 0),
(1333, 28, 'SHIPPER', '', '1baa47a0-04ee-11e5-9e93-ed9b3c851c74', '2015-05-28 04:00:41', '0000-00-00 00:00:00', 1, 0),
(1334, 26, '', '', '57651cc0-04ee-11e5-9e93-ed9b3c851c74', '2015-05-28 04:02:21', '0000-00-00 00:00:00', 1, 0),
(1335, 26, '', '', '89d91120-04ee-11e5-9e93-ed9b3c851c74', '2015-05-28 04:03:46', '0000-00-00 00:00:00', 1, 0),
(1336, 26, '', '', 'd2a6c320-04ee-11e5-9e93-ed9b3c851c74', '2015-05-28 04:05:48', '0000-00-00 00:00:00', 1, 0),
(1337, 26, '', '', 'f26040b0-04ee-11e5-9e93-ed9b3c851c74', '2015-05-28 04:06:41', '0000-00-00 00:00:00', 1, 0),
(1338, 26, '', '', '094638c0-04ef-11e5-9e93-ed9b3c851c74', '2015-05-28 04:07:20', '0000-00-00 00:00:00', 1, 0),
(1339, 26, '', '', '1adb6970-04ef-11e5-9e93-ed9b3c851c74', '2015-05-28 04:07:49', '0000-00-00 00:00:00', 1, 0),
(1340, 28, 'SHIPPER', '', 'b6650860-0508-11e5-9e93-ed9b3c851c74', '2015-05-28 07:11:08', '0000-00-00 00:00:00', 1, 0),
(1341, 28, 'SHIPPER', '', '04021cc0-0509-11e5-9e93-ed9b3c851c74', '2015-05-28 07:13:18', '0000-00-00 00:00:00', 1, 0),
(1342, 28, 'SHIPPER', '', 'f47cd8f0-050b-11e5-9e93-ed9b3c851c74', '2015-05-28 07:34:20', '0000-00-00 00:00:00', 1, 0),
(1343, 28, 'SHIPPER', '', '019e0db0-050c-11e5-9e93-ed9b3c851c74', '2015-05-28 07:34:42', '0000-00-00 00:00:00', 1, 0),
(1344, 28, 'SHIPPER', '', '1d0228f0-050e-11e5-9e93-ed9b3c851c74', '2015-05-28 07:49:47', '0000-00-00 00:00:00', 1, 0),
(1345, 28, 'SHIPPER', '', '3fe03f10-050e-11e5-9e93-ed9b3c851c74', '2015-05-28 07:50:46', '0000-00-00 00:00:00', 1, 0),
(1346, 28, 'SHIPPER', '', '9af44950-050e-11e5-9e93-ed9b3c851c74', '2015-05-28 07:53:19', '0000-00-00 00:00:00', 1, 0),
(1347, 28, 'SHIPPER', '', 'd9bbc230-050e-11e5-9e93-ed9b3c851c74', '2015-05-28 07:55:04', '0000-00-00 00:00:00', 1, 0),
(1348, 28, 'SHIPPER', '', 'f98e9420-050e-11e5-9e93-ed9b3c851c74', '2015-05-28 07:55:57', '0000-00-00 00:00:00', 1, 0),
(1349, 28, 'SHIPPER', '', '29562d30-050f-11e5-9e93-ed9b3c851c74', '2015-05-28 07:57:18', '0000-00-00 00:00:00', 1, 0),
(1350, 28, 'SHIPPER', '', '6a49fbf0-050f-11e5-9e93-ed9b3c851c74', '2015-05-28 07:59:07', '0000-00-00 00:00:00', 1, 0),
(1351, 28, 'SHIPPER', '', '89aafc70-0513-11e5-9e93-ed9b3c851c74', '2015-05-28 08:28:37', '0000-00-00 00:00:00', 1, 0),
(1352, 28, 'SHIPPER', '', 'a2aef280-0513-11e5-9e93-ed9b3c851c74', '2015-05-28 08:29:19', '0000-00-00 00:00:00', 1, 0),
(1353, 28, 'SHIPPER', '', 'afa63110-0513-11e5-9e93-ed9b3c851c74', '2015-05-28 08:29:41', '0000-00-00 00:00:00', 1, 0),
(1354, 28, 'SHIPPER', '', '4c024f20-0515-11e5-9e93-ed9b3c851c74', '2015-05-28 08:41:13', '0000-00-00 00:00:00', 1, 0),
(1355, 28, 'SHIPPER', '', 'a8cd5830-0515-11e5-9e93-ed9b3c851c74', '2015-05-28 08:43:48', '0000-00-00 00:00:00', 1, 0),
(1356, 28, 'SHIPPER', '', 'f9bc56b0-0515-11e5-9e93-ed9b3c851c74', '2015-05-28 08:46:04', '0000-00-00 00:00:00', 1, 0),
(1357, 28, 'SHIPPER', '', '0f054090-0516-11e5-9e93-ed9b3c851c74', '2015-05-28 08:46:40', '0000-00-00 00:00:00', 1, 0),
(1358, 28, 'SHIPPER', '', '1f2e5e20-0516-11e5-9e93-ed9b3c851c74', '2015-05-28 08:47:07', '0000-00-00 00:00:00', 1, 0),
(1359, 28, 'SHIPPER', '', '33a13350-0516-11e5-9e93-ed9b3c851c74', '2015-05-28 08:47:41', '0000-00-00 00:00:00', 1, 0),
(1360, 28, 'SHIPPER', '', '4d23f650-0516-11e5-9e93-ed9b3c851c74', '2015-05-28 08:48:24', '0000-00-00 00:00:00', 1, 0),
(1361, 28, 'SHIPPER', '', '5ee08520-0516-11e5-9e93-ed9b3c851c74', '2015-05-28 08:48:54', '0000-00-00 00:00:00', 1, 0),
(1362, 28, 'SHIPPER', '', '74330bf0-0516-11e5-9e93-ed9b3c851c74', '2015-05-28 08:49:30', '0000-00-00 00:00:00', 1, 0),
(1363, 28, 'SHIPPER', '', 'c8f07790-0516-11e5-9e93-ed9b3c851c74', '2015-05-28 08:51:52', '0000-00-00 00:00:00', 1, 0),
(1364, 28, 'SHIPPER', '', '407ae250-0517-11e5-9e93-ed9b3c851c74', '2015-05-28 08:55:12', '0000-00-00 00:00:00', 1, 0),
(1365, 28, 'SHIPPER', '', '57d52000-0517-11e5-9e93-ed9b3c851c74', '2015-05-28 08:55:52', '0000-00-00 00:00:00', 1, 0),
(1366, 28, 'SHIPPER', '', '76eabc70-0517-11e5-9e93-ed9b3c851c74', '2015-05-28 08:56:44', '0000-00-00 00:00:00', 1, 0),
(1367, 28, 'SHIPPER', '', '971e9a20-0517-11e5-9e93-ed9b3c851c74', '2015-05-28 08:57:38', '0000-00-00 00:00:00', 1, 0),
(1368, 28, 'SHIPPER', '', '3c638fe0-0518-11e5-9e93-ed9b3c851c74', '2015-05-28 09:02:15', '0000-00-00 00:00:00', 1, 0),
(1369, 28, 'SHIPPER', '', '50953d60-0518-11e5-9e93-ed9b3c851c74', '2015-05-28 09:02:49', '0000-00-00 00:00:00', 1, 0),
(1370, 28, 'SHIPPER', '', '6385df60-0518-11e5-9e93-ed9b3c851c74', '2015-05-28 09:03:21', '0000-00-00 00:00:00', 1, 0),
(1371, 28, 'SHIPPER', '', '6b1d6270-0518-11e5-9e93-ed9b3c851c74', '2015-05-28 09:03:33', '0000-00-00 00:00:00', 1, 0),
(1372, 28, 'SHIPPER', '', '2f6297e0-0519-11e5-9e93-ed9b3c851c74', '2015-05-28 09:09:03', '0000-00-00 00:00:00', 1, 0),
(1373, 28, 'SHIPPER', '', 'e4d4a2d0-0519-11e5-9e93-ed9b3c851c74', '2015-05-28 09:14:07', '0000-00-00 00:00:00', 1, 0),
(1374, 28, 'SHIPPER', '', 'f9c29b70-0519-11e5-9e93-ed9b3c851c74', '2015-05-28 09:14:42', '0000-00-00 00:00:00', 1, 0),
(1375, 28, 'SHIPPER', '', '06195440-051a-11e5-9e93-ed9b3c851c74', '2015-05-28 09:15:03', '0000-00-00 00:00:00', 1, 0),
(1376, 28, 'SHIPPER', '', '38515110-051a-11e5-9e93-ed9b3c851c74', '2015-05-28 09:16:27', '0000-00-00 00:00:00', 1, 0),
(1377, 28, 'SHIPPER', '', '85af87b0-051a-11e5-9e93-ed9b3c851c74', '2015-05-28 09:18:37', '0000-00-00 00:00:00', 1, 0),
(1378, 28, 'SHIPPER', '', 'b64c9930-051a-11e5-9e93-ed9b3c851c74', '2015-05-28 09:19:59', '0000-00-00 00:00:00', 1, 0),
(1379, 28, 'SHIPPER', '', 'cd778980-051a-11e5-9e93-ed9b3c851c74', '2015-05-28 09:20:37', '0000-00-00 00:00:00', 1, 0),
(1380, 28, 'SHIPPER', '', 'eabf91e0-051a-11e5-9e93-ed9b3c851c74', '2015-05-28 09:21:27', '0000-00-00 00:00:00', 1, 0),
(1381, 28, 'SHIPPER', '', 'f8ba84d0-051a-11e5-9e93-ed9b3c851c74', '2015-05-28 09:21:50', '0000-00-00 00:00:00', 1, 0),
(1382, 28, 'SHIPPER', '', '61ed5db0-051b-11e5-9e93-ed9b3c851c74', '2015-05-28 09:24:46', '0000-00-00 00:00:00', 1, 0),
(1383, 28, 'SHIPPER', '', '6ef53e10-051b-11e5-9e93-ed9b3c851c74', '2015-05-28 09:25:08', '0000-00-00 00:00:00', 1, 0),
(1384, 28, 'SHIPPER', '', '2efe2960-051c-11e5-9e93-ed9b3c851c74', '2015-05-28 09:30:31', '0000-00-00 00:00:00', 1, 0),
(1385, 28, 'SHIPPER', '', '420adee0-051c-11e5-9e93-ed9b3c851c74', '2015-05-28 09:31:02', '0000-00-00 00:00:00', 1, 0),
(1386, 28, 'SHIPPER', '', '70a605e0-051c-11e5-9e93-ed9b3c851c74', '2015-05-28 09:32:21', '0000-00-00 00:00:00', 1, 0),
(1387, 28, 'SHIPPER', '', 'ccc11fe0-051c-11e5-9e93-ed9b3c851c74', '2015-05-28 09:34:55', '0000-00-00 00:00:00', 1, 0),
(1388, 28, 'SHIPPER', '', 'e3f67070-051c-11e5-9e93-ed9b3c851c74', '2015-05-28 09:35:34', '0000-00-00 00:00:00', 1, 0),
(1389, 28, 'SHIPPER', '', 'fc4e9620-051c-11e5-9e93-ed9b3c851c74', '2015-05-28 09:36:15', '0000-00-00 00:00:00', 1, 0),
(1390, 28, 'SHIPPER', '', '0cafdab0-051d-11e5-9e93-ed9b3c851c74', '2015-05-28 09:36:42', '0000-00-00 00:00:00', 1, 0),
(1391, 26, '', '', '9a5026d0-051e-11e5-9e93-ed9b3c851c74', '2015-05-28 09:47:50', '0000-00-00 00:00:00', 1, 0),
(1392, 26, '', '', '7103dc80-054c-11e5-a77e-87b1433b1a9d', '2015-05-28 15:15:57', '0000-00-00 00:00:00', 1, 0),
(1393, 28, 'SHIPPER', '', 'c77cb2c0-0557-11e5-a77e-87b1433b1a9d', '2015-05-28 16:37:07', '0000-00-00 00:00:00', 1, 0),
(1394, 28, 'SHIPPER', '', '136d0840-05aa-11e5-a77e-87b1433b1a9d', '2015-05-29 02:26:13', '0000-00-00 00:00:00', 1, 0),
(1395, 26, '', '', 'f92997e0-05aa-11e5-a77e-87b1433b1a9d', '2015-05-29 02:32:38', '0000-00-00 00:00:00', 1, 0),
(1396, 28, 'SHIPPER', '', 'da8d3830-05ac-11e5-a77e-87b1433b1a9d', '2015-05-29 02:46:06', '0000-00-00 00:00:00', 1, 0),
(1397, 28, 'SHIPPER', '', '2df206c0-05af-11e5-a77e-87b1433b1a9d', '2015-05-29 03:02:45', '0000-00-00 00:00:00', 1, 0),
(1398, 28, 'SHIPPER', '', '40717060-05af-11e5-a77e-87b1433b1a9d', '2015-05-29 03:03:16', '0000-00-00 00:00:00', 1, 0),
(1399, 28, 'SHIPPER', '', '236f0710-05b0-11e5-a77e-87b1433b1a9d', '2015-05-29 03:09:37', '0000-00-00 00:00:00', 1, 0),
(1400, 28, 'SHIPPER', '', '63a997f0-05b0-11e5-a77e-87b1433b1a9d', '2015-05-29 03:11:24', '0000-00-00 00:00:00', 1, 0),
(1401, 28, 'SHIPPER', '', '7092a5b0-05b0-11e5-a77e-87b1433b1a9d', '2015-05-29 03:11:46', '0000-00-00 00:00:00', 1, 0),
(1402, 28, 'SHIPPER', '', '718b1a00-05b1-11e5-a77e-87b1433b1a9d', '2015-05-29 03:18:57', '0000-00-00 00:00:00', 1, 0),
(1403, 28, 'SHIPPER', '', 'c755afe0-05b1-11e5-a77e-87b1433b1a9d', '2015-05-29 03:21:21', '0000-00-00 00:00:00', 1, 0),
(1404, 28, 'SHIPPER', '', '9c4c1ea0-05b2-11e5-a77e-87b1433b1a9d', '2015-05-29 03:27:18', '0000-00-00 00:00:00', 1, 0),
(1405, 28, 'SHIPPER', '', 'e43a4610-05b2-11e5-a77e-87b1433b1a9d', '2015-05-29 03:29:19', '0000-00-00 00:00:00', 1, 0),
(1406, 28, 'SHIPPER', '', 'f3164a30-05b2-11e5-a77e-87b1433b1a9d', '2015-05-29 03:29:44', '0000-00-00 00:00:00', 1, 0),
(1407, 28, 'SHIPPER', '', '5af10d20-05b3-11e5-a77e-87b1433b1a9d', '2015-05-29 03:32:38', '0000-00-00 00:00:00', 1, 0),
(1408, 5, '', '', '71af31e0-05b3-11e5-a77e-87b1433b1a9d', '2015-05-29 03:33:16', '0000-00-00 00:00:00', 1, 0),
(1409, 28, 'SHIPPER', '', 'a21d1d10-05b3-11e5-a77e-87b1433b1a9d', '2015-05-29 03:34:38', '0000-00-00 00:00:00', 1, 0),
(1410, 28, 'SHIPPER', '', 'c90ac800-05b3-11e5-a77e-87b1433b1a9d', '2015-05-29 03:35:43', '0000-00-00 00:00:00', 1, 0),
(1411, 28, 'SHIPPER', '', '0d0d40e0-05b5-11e5-a77e-87b1433b1a9d', '2015-05-29 03:44:47', '0000-00-00 00:00:00', 1, 0),
(1412, 28, 'SHIPPER', '', '41a65f30-05b5-11e5-a77e-87b1433b1a9d', '2015-05-29 03:46:15', '0000-00-00 00:00:00', 1, 0),
(1413, 28, 'SHIPPER', '', '75318ff0-05b5-11e5-a77e-87b1433b1a9d', '2015-05-29 03:47:41', '0000-00-00 00:00:00', 1, 0),
(1414, 28, 'SHIPPER', '', 'e374a4c0-05b5-11e5-a77e-87b1433b1a9d', '2015-05-29 03:50:46', '0000-00-00 00:00:00', 1, 0),
(1415, 28, 'SHIPPER', '', 'f3b8eb70-05b5-11e5-a77e-87b1433b1a9d', '2015-05-29 03:51:14', '0000-00-00 00:00:00', 1, 0),
(1416, 28, 'SHIPPER', '', 'b4a706a0-05b6-11e5-a77e-87b1433b1a9d', '2015-05-29 03:56:37', '0000-00-00 00:00:00', 1, 0),
(1417, 28, 'SHIPPER', '', '126aa3b0-05bb-11e5-a77e-87b1433b1a9d', '2015-05-29 04:27:53', '0000-00-00 00:00:00', 1, 0),
(1418, 28, 'SHIPPER', '', '4957eb30-05bb-11e5-a77e-87b1433b1a9d', '2015-05-29 04:29:25', '0000-00-00 00:00:00', 1, 0),
(1419, 28, 'SHIPPER', '', 'de1ca2b0-05bb-11e5-a77e-87b1433b1a9d', '2015-05-29 04:33:34', '0000-00-00 00:00:00', 1, 0),
(1420, 28, 'SHIPPER', '', '07ec10d0-05bc-11e5-a77e-87b1433b1a9d', '2015-05-29 04:34:44', '0000-00-00 00:00:00', 1, 0),
(1421, 28, 'SHIPPER', '', '3ba7c770-05bc-11e5-a77e-87b1433b1a9d', '2015-05-29 04:36:11', '0000-00-00 00:00:00', 1, 0),
(1422, 28, 'SHIPPER', '', '653a0580-05bc-11e5-a77e-87b1433b1a9d', '2015-05-29 04:37:21', '0000-00-00 00:00:00', 1, 0),
(1423, 28, 'SHIPPER', '', '7ea289c0-05bc-11e5-a77e-87b1433b1a9d', '2015-05-29 04:38:04', '0000-00-00 00:00:00', 1, 0),
(1424, 28, 'SHIPPER', '', '9ef735e0-05bc-11e5-a77e-87b1433b1a9d', '2015-05-29 04:38:58', '0000-00-00 00:00:00', 1, 0),
(1425, 28, 'SHIPPER', '', 'c374a420-05bc-11e5-a77e-87b1433b1a9d', '2015-05-29 04:39:59', '0000-00-00 00:00:00', 1, 0),
(1426, 28, 'SHIPPER', '', 'e2792990-05bc-11e5-a77e-87b1433b1a9d', '2015-05-29 04:40:51', '0000-00-00 00:00:00', 1, 0),
(1427, 28, 'SHIPPER', '', 'ee8f7e00-05bc-11e5-a77e-87b1433b1a9d', '2015-05-29 04:41:11', '0000-00-00 00:00:00', 1, 0),
(1428, 26, '', '', '2d245e10-05d1-11e5-a77e-87b1433b1a9d', '2015-05-29 07:06:06', '0000-00-00 00:00:00', 1, 0),
(1429, 28, 'SHIPPER', '', '37d68ea0-05d1-11e5-a77e-87b1433b1a9d', '2015-05-29 07:06:24', '0000-00-00 00:00:00', 1, 0),
(1430, 28, 'SHIPPER', '', '7294db50-05d1-11e5-a77e-87b1433b1a9d', '2015-05-29 07:08:03', '0000-00-00 00:00:00', 1, 0),
(1431, 28, 'SHIPPER', '', '9406de50-05d1-11e5-a77e-87b1433b1a9d', '2015-05-29 07:08:59', '0000-00-00 00:00:00', 1, 0),
(1432, 28, 'SHIPPER', '', 'a2f950a0-05d1-11e5-a77e-87b1433b1a9d', '2015-05-29 07:09:24', '0000-00-00 00:00:00', 1, 0),
(1433, 28, 'SHIPPER', '', 'd3bbc470-05d1-11e5-a77e-87b1433b1a9d', '2015-05-29 07:10:46', '0000-00-00 00:00:00', 1, 0),
(1434, 28, 'SHIPPER', '', 'd1ffaaa0-05d3-11e5-a77e-87b1433b1a9d', '2015-05-29 07:25:02', '0000-00-00 00:00:00', 1, 0),
(1435, 28, 'SHIPPER', '', 'ec11b550-05d3-11e5-a77e-87b1433b1a9d', '2015-05-29 07:25:46', '0000-00-00 00:00:00', 1, 0),
(1436, 28, 'SHIPPER', '', '7e5523b0-05d5-11e5-a77e-87b1433b1a9d', '2015-05-29 07:37:01', '0000-00-00 00:00:00', 1, 0),
(1437, 28, 'SHIPPER', '', '1bce18e0-05d6-11e5-a77e-87b1433b1a9d', '2015-05-29 07:41:25', '0000-00-00 00:00:00', 1, 0),
(1438, 28, 'SHIPPER', '', '75010710-05d6-11e5-a77e-87b1433b1a9d', '2015-05-29 07:43:54', '0000-00-00 00:00:00', 1, 0),
(1439, 28, 'SHIPPER', '', '9edd1f60-05d6-11e5-a77e-87b1433b1a9d', '2015-05-29 07:45:05', '0000-00-00 00:00:00', 1, 0),
(1440, 28, 'SHIPPER', '', '40f2a720-05d7-11e5-a77e-87b1433b1a9d', '2015-05-29 07:49:37', '0000-00-00 00:00:00', 1, 0),
(1441, 28, 'SHIPPER', '', '73b24a80-05d7-11e5-a77e-87b1433b1a9d', '2015-05-29 07:51:02', '0000-00-00 00:00:00', 1, 0),
(1442, 28, 'SHIPPER', '', 'f1b9a090-05d7-11e5-a77e-87b1433b1a9d', '2015-05-29 07:54:33', '0000-00-00 00:00:00', 1, 0),
(1443, 28, 'SHIPPER', '', 'f387db70-05d8-11e5-a77e-87b1433b1a9d', '2015-05-29 08:01:46', '0000-00-00 00:00:00', 1, 0),
(1444, 28, 'SHIPPER', '', '6972c700-05d9-11e5-a77e-87b1433b1a9d', '2015-05-29 08:05:03', '0000-00-00 00:00:00', 1, 0),
(1445, 5, '', '', 'a354e480-05d9-11e5-a77e-87b1433b1a9d', '2015-05-29 08:06:41', '0000-00-00 00:00:00', 1, 0),
(1446, 28, 'SHIPPER', '', '29924360-05e1-11e5-a77e-87b1433b1a9d', '2015-05-29 09:00:32', '0000-00-00 00:00:00', 1, 0),
(1447, 28, 'SHIPPER', '', 'a9b38350-05e2-11e5-a77e-87b1433b1a9d', '2015-05-29 09:11:17', '0000-00-00 00:00:00', 1, 0),
(1448, 28, 'SHIPPER', '', 'd110e000-05e2-11e5-a77e-87b1433b1a9d', '2015-05-29 09:12:23', '0000-00-00 00:00:00', 1, 0),
(1449, 28, 'SHIPPER', '', 'e98df2d0-05e2-11e5-a77e-87b1433b1a9d', '2015-05-29 09:13:04', '0000-00-00 00:00:00', 1, 0),
(1450, 28, 'SHIPPER', '', '472c1870-05e5-11e5-a77e-87b1433b1a9d', '2015-05-29 09:30:00', '0000-00-00 00:00:00', 1, 0),
(1451, 26, '', '', '078c39e0-06f6-11e5-a77e-87b1433b1a9d', '2015-05-30 18:02:26', '0000-00-00 00:00:00', 1, 0),
(1452, 28, 'SHIPPER', '', 'ed3a0db0-080d-11e5-a77e-87b1433b1a9d', '2015-06-01 03:26:01', '0000-00-00 00:00:00', 1, 0),
(1453, 28, 'SHIPPER', '', '8f7018f0-0812-11e5-a77e-87b1433b1a9d', '2015-06-01 03:59:11', '0000-00-00 00:00:00', 1, 0),
(1454, 28, 'SHIPPER', '', 'ab9f3740-0812-11e5-a77e-87b1433b1a9d', '2015-06-01 03:59:58', '0000-00-00 00:00:00', 1, 0),
(1455, 28, 'SHIPPER', '', 'b27549a0-0813-11e5-a77e-87b1433b1a9d', '2015-06-01 04:07:19', '0000-00-00 00:00:00', 1, 0),
(1456, 28, 'SHIPPER', '', 'c60ed5d0-0813-11e5-a77e-87b1433b1a9d', '2015-06-01 04:07:52', '0000-00-00 00:00:00', 1, 0),
(1457, 28, 'SHIPPER', '', 'f1d0ec30-0813-11e5-a77e-87b1433b1a9d', '2015-06-01 04:09:05', '0000-00-00 00:00:00', 1, 0),
(1458, 28, 'SHIPPER', '', '0e42dfe0-0814-11e5-a77e-87b1433b1a9d', '2015-06-01 04:09:53', '0000-00-00 00:00:00', 1, 0),
(1459, 28, 'SHIPPER', '', '507e22c0-0814-11e5-a77e-87b1433b1a9d', '2015-06-01 04:11:44', '0000-00-00 00:00:00', 1, 0),
(1460, 28, 'SHIPPER', '', '5eb05250-0814-11e5-a77e-87b1433b1a9d', '2015-06-01 04:12:08', '0000-00-00 00:00:00', 1, 0),
(1461, 28, 'SHIPPER', '', '6e61cee0-0814-11e5-a77e-87b1433b1a9d', '2015-06-01 04:12:34', '0000-00-00 00:00:00', 1, 0),
(1462, 28, 'SHIPPER', '', '7b77b900-0814-11e5-a77e-87b1433b1a9d', '2015-06-01 04:12:56', '0000-00-00 00:00:00', 1, 0),
(1463, 28, 'SHIPPER', '', 'cff61fd0-0814-11e5-a77e-87b1433b1a9d', '2015-06-01 04:15:18', '0000-00-00 00:00:00', 1, 0),
(1464, 28, 'SHIPPER', '', 'f8a18050-0814-11e5-a77e-87b1433b1a9d', '2015-06-01 04:16:26', '0000-00-00 00:00:00', 1, 0),
(1465, 28, 'SHIPPER', '', 'd62591f0-0815-11e5-a77e-87b1433b1a9d', '2015-06-01 04:22:38', '0000-00-00 00:00:00', 1, 0),
(1466, 28, 'SHIPPER', '', '0df6f7e0-0816-11e5-a77e-87b1433b1a9d', '2015-06-01 04:24:12', '0000-00-00 00:00:00', 1, 0),
(1467, 28, 'SHIPPER', '', '6d8f8df0-0818-11e5-a77e-87b1433b1a9d', '2015-06-01 04:41:11', '0000-00-00 00:00:00', 1, 0),
(1468, 28, 'SHIPPER', '', '47c6be80-0819-11e5-a77e-87b1433b1a9d', '2015-06-01 04:47:17', '0000-00-00 00:00:00', 1, 0),
(1469, 28, 'SHIPPER', '', '6bff0d70-0819-11e5-a77e-87b1433b1a9d', '2015-06-01 04:48:18', '0000-00-00 00:00:00', 1, 0),
(1470, 28, 'SHIPPER', '', 'aaee59a0-0819-11e5-a77e-87b1433b1a9d', '2015-06-01 04:50:03', '0000-00-00 00:00:00', 1, 0),
(1471, 28, 'SHIPPER', '', 'c1430e30-0819-11e5-a77e-87b1433b1a9d', '2015-06-01 04:50:41', '0000-00-00 00:00:00', 1, 0),
(1472, 26, '', '', '31366b10-081a-11e5-a77e-87b1433b1a9d', '2015-06-01 04:53:49', '0000-00-00 00:00:00', 1, 0),
(1473, 26, '', '', '825c5810-081a-11e5-a77e-87b1433b1a9d', '2015-06-01 04:56:05', '0000-00-00 00:00:00', 1, 0),
(1474, 26, '', '', 'ae622e30-081a-11e5-a77e-87b1433b1a9d', '2015-06-01 04:57:19', '0000-00-00 00:00:00', 1, 0),
(1475, 26, '', '', 'e4352c10-081a-11e5-a77e-87b1433b1a9d', '2015-06-01 04:58:49', '0000-00-00 00:00:00', 1, 0),
(1476, 26, '', '', '182eaf00-081b-11e5-a77e-87b1433b1a9d', '2015-06-01 05:00:16', '0000-00-00 00:00:00', 1, 0),
(1477, 26, '', '', 'f3196b90-0830-11e5-a77e-87b1433b1a9d', '2015-06-01 07:36:43', '0000-00-00 00:00:00', 1, 0),
(1478, 28, 'SHIPPER', '', '683789e0-0834-11e5-a77e-87b1433b1a9d', '2015-06-01 08:01:28', '0000-00-00 00:00:00', 1, 0),
(1479, 28, 'SHIPPER', '', '8ec2a270-0834-11e5-a77e-87b1433b1a9d', '2015-06-01 08:02:33', '0000-00-00 00:00:00', 1, 0),
(1480, 28, 'SHIPPER', '', 'a65ca840-0834-11e5-a77e-87b1433b1a9d', '2015-06-01 08:03:12', '0000-00-00 00:00:00', 1, 0),
(1481, 28, 'SHIPPER', '', '25497c50-0835-11e5-a77e-87b1433b1a9d', '2015-06-01 08:06:45', '0000-00-00 00:00:00', 1, 0),
(1482, 28, 'SHIPPER', '', '523e6d60-0835-11e5-a77e-87b1433b1a9d', '2015-06-01 08:08:01', '0000-00-00 00:00:00', 1, 0),
(1483, 28, 'SHIPPER', '', '73fb8320-0835-11e5-a77e-87b1433b1a9d', '2015-06-01 08:08:57', '0000-00-00 00:00:00', 1, 0),
(1484, 28, 'SHIPPER', '', '91c40620-0835-11e5-a77e-87b1433b1a9d', '2015-06-01 08:09:47', '0000-00-00 00:00:00', 1, 0),
(1485, 28, 'SHIPPER', '', 'dd6d87e0-0835-11e5-a77e-87b1433b1a9d', '2015-06-01 08:11:54', '0000-00-00 00:00:00', 1, 0),
(1486, 28, 'SHIPPER', '', 'fe8d7340-0835-11e5-a77e-87b1433b1a9d', '2015-06-01 08:12:50', '0000-00-00 00:00:00', 1, 0),
(1487, 28, 'SHIPPER', '', '0db6d410-0836-11e5-a77e-87b1433b1a9d', '2015-06-01 08:13:15', '0000-00-00 00:00:00', 1, 0),
(1488, 28, 'SHIPPER', '', '206c41d0-0836-11e5-a77e-87b1433b1a9d', '2015-06-01 08:13:46', '0000-00-00 00:00:00', 1, 0),
(1489, 28, 'SHIPPER', '', '782205e0-0836-11e5-a77e-87b1433b1a9d', '2015-06-01 08:16:14', '0000-00-00 00:00:00', 1, 0),
(1490, 28, 'SHIPPER', '', '0b07f5d0-0838-11e5-a77e-87b1433b1a9d', '2015-06-01 08:27:30', '0000-00-00 00:00:00', 1, 0),
(1491, 28, 'SHIPPER', '', 'e88eb4a0-083a-11e5-a77e-87b1433b1a9d', '2015-06-01 08:48:00', '0000-00-00 00:00:00', 1, 0),
(1492, 28, 'SHIPPER', '', '29426d20-083b-11e5-a77e-87b1433b1a9d', '2015-06-01 08:49:49', '0000-00-00 00:00:00', 1, 0),
(1493, 28, 'SHIPPER', '', '81e3ad30-083c-11e5-a77e-87b1433b1a9d', '2015-06-01 08:59:27', '0000-00-00 00:00:00', 1, 0),
(1494, 28, 'SHIPPER', '', 'b84523e0-0846-11e5-a77e-87b1433b1a9d', '2015-06-01 10:12:33', '0000-00-00 00:00:00', 1, 0),
(1495, 28, 'SHIPPER', '', 'f2b1a710-0846-11e5-a77e-87b1433b1a9d', '2015-06-01 10:14:11', '0000-00-00 00:00:00', 1, 0),
(1496, 5, '', '', '918fb0e0-084f-11e5-a77e-87b1433b1a9d', '2015-06-01 11:15:54', '0000-00-00 00:00:00', 1, 0),
(1497, 28, 'SHIPPER', '', '9be3ba70-08d4-11e5-a77e-87b1433b1a9d', '2015-06-02 03:08:14', '0000-00-00 00:00:00', 1, 0),
(1498, 28, 'SHIPPER', '', 'd9cd2f60-08d4-11e5-a77e-87b1433b1a9d', '2015-06-02 03:09:58', '0000-00-00 00:00:00', 1, 0),
(1499, 28, 'SHIPPER', '', '1a5013e0-08d5-11e5-a77e-87b1433b1a9d', '2015-06-02 03:11:46', '0000-00-00 00:00:00', 1, 0),
(1500, 28, 'SHIPPER', '', '30233c60-08d5-11e5-a77e-87b1433b1a9d', '2015-06-02 03:12:23', '0000-00-00 00:00:00', 1, 0),
(1501, 28, 'SHIPPER', '', '0c36a700-08d6-11e5-a77e-87b1433b1a9d', '2015-06-02 03:18:32', '0000-00-00 00:00:00', 1, 0),
(1502, 28, 'SHIPPER', '', '3c4c20e0-08f5-11e5-a77e-87b1433b1a9d', '2015-06-02 07:01:47', '0000-00-00 00:00:00', 1, 0),
(1503, 28, 'SHIPPER', '', '68002d80-08f5-11e5-a77e-87b1433b1a9d', '2015-06-02 07:03:00', '0000-00-00 00:00:00', 1, 0),
(1504, 28, 'SHIPPER', '', '6ed50760-08f6-11e5-a77e-87b1433b1a9d', '2015-06-02 07:10:21', '0000-00-00 00:00:00', 1, 0),
(1505, 28, 'SHIPPER', '', '82fb4330-08f6-11e5-a77e-87b1433b1a9d', '2015-06-02 07:10:55', '0000-00-00 00:00:00', 1, 0),
(1506, 28, 'SHIPPER', '', '9eb09da0-08f6-11e5-a77e-87b1433b1a9d', '2015-06-02 07:11:42', '0000-00-00 00:00:00', 1, 0),
(1507, 28, 'SHIPPER', '', '0a848730-08f7-11e5-a77e-87b1433b1a9d', '2015-06-02 07:14:43', '0000-00-00 00:00:00', 1, 0),
(1508, 28, 'SHIPPER', '', '32d4cf60-08f7-11e5-a77e-87b1433b1a9d', '2015-06-02 07:15:50', '0000-00-00 00:00:00', 1, 0),
(1509, 28, 'SHIPPER', '', '5bd0e7f0-08f7-11e5-a77e-87b1433b1a9d', '2015-06-02 07:16:59', '0000-00-00 00:00:00', 1, 0),
(1510, 28, 'SHIPPER', '', '82ff6c70-08f7-11e5-a77e-87b1433b1a9d', '2015-06-02 07:18:05', '0000-00-00 00:00:00', 1, 0),
(1511, 26, '', '', 'b24af7b0-08f7-11e5-a77e-87b1433b1a9d', '2015-06-02 07:19:24', '0000-00-00 00:00:00', 1, 0),
(1512, 28, 'SHIPPER', '', 'e4a12ae0-08f7-11e5-a77e-87b1433b1a9d', '2015-06-02 07:20:49', '0000-00-00 00:00:00', 1, 0),
(1513, 28, 'SHIPPER', '', '96fe7bc0-08f8-11e5-a77e-87b1433b1a9d', '2015-06-02 07:25:48', '0000-00-00 00:00:00', 1, 0),
(1514, 28, 'SHIPPER', '', '5b98af00-08f9-11e5-a77e-87b1433b1a9d', '2015-06-02 07:31:18', '0000-00-00 00:00:00', 1, 0),
(1515, 28, 'SHIPPER', '', '8d92df80-08f9-11e5-a77e-87b1433b1a9d', '2015-06-02 07:32:42', '0000-00-00 00:00:00', 1, 0),
(1516, 28, 'SHIPPER', '', 'bbe73980-08f9-11e5-a77e-87b1433b1a9d', '2015-06-02 07:33:59', '0000-00-00 00:00:00', 1, 0),
(1517, 28, 'SHIPPER', '', 'e0d89f40-08f9-11e5-a77e-87b1433b1a9d', '2015-06-02 07:35:01', '0000-00-00 00:00:00', 1, 0),
(1518, 28, 'SHIPPER', '', 'f71f2300-08f9-11e5-a77e-87b1433b1a9d', '2015-06-02 07:35:39', '0000-00-00 00:00:00', 1, 0),
(1519, 28, 'SHIPPER', '', '5530e770-08fb-11e5-a77e-87b1433b1a9d', '2015-06-02 07:45:26', '0000-00-00 00:00:00', 1, 0),
(1520, 28, 'SHIPPER', '', '6cb171d0-08fb-11e5-a77e-87b1433b1a9d', '2015-06-02 07:46:05', '0000-00-00 00:00:00', 1, 0),
(1521, 28, 'SHIPPER', '', 'b85cd610-0900-11e5-a77e-87b1433b1a9d', '2015-06-02 08:24:00', '0000-00-00 00:00:00', 1, 0),
(1522, 28, 'SHIPPER', '', '234e4ee0-0901-11e5-a77e-87b1433b1a9d', '2015-06-02 08:26:59', '0000-00-00 00:00:00', 1, 0),
(1523, 28, 'SHIPPER', '', '458b1bf0-0901-11e5-a77e-87b1433b1a9d', '2015-06-02 08:27:57', '0000-00-00 00:00:00', 1, 0),
(1524, 28, 'SHIPPER', '', '9f4d51d0-0901-11e5-a77e-87b1433b1a9d', '2015-06-02 08:30:27', '0000-00-00 00:00:00', 1, 0),
(1525, 28, 'SHIPPER', '', '122d9570-0902-11e5-a77e-87b1433b1a9d', '2015-06-02 08:33:40', '0000-00-00 00:00:00', 1, 0),
(1526, 28, 'SHIPPER', '', '218fe090-0902-11e5-a77e-87b1433b1a9d', '2015-06-02 08:34:06', '0000-00-00 00:00:00', 1, 0),
(1527, 28, 'SHIPPER', '', '626e5290-0902-11e5-a77e-87b1433b1a9d', '2015-06-02 08:35:55', '0000-00-00 00:00:00', 1, 0),
(1528, 28, 'SHIPPER', '', '91fed610-0902-11e5-a77e-87b1433b1a9d', '2015-06-02 08:37:14', '0000-00-00 00:00:00', 1, 0),
(1529, 28, 'SHIPPER', '', 'b004fe50-0902-11e5-a77e-87b1433b1a9d', '2015-06-02 08:38:05', '0000-00-00 00:00:00', 1, 0),
(1530, 28, 'SHIPPER', '', 'c6c37130-0902-11e5-a77e-87b1433b1a9d', '2015-06-02 08:38:43', '0000-00-00 00:00:00', 1, 0),
(1531, 28, 'SHIPPER', '', '2421eb30-0904-11e5-a77e-87b1433b1a9d', '2015-06-02 08:48:29', '0000-00-00 00:00:00', 1, 0),
(1532, 28, 'SHIPPER', '', '425a4700-0904-11e5-a77e-87b1433b1a9d', '2015-06-02 08:49:20', '0000-00-00 00:00:00', 1, 0),
(1533, 28, 'SHIPPER', '', '9a31c3e0-0904-11e5-a77e-87b1433b1a9d', '2015-06-02 08:51:47', '0000-00-00 00:00:00', 1, 0),
(1534, 28, 'SHIPPER', '', 'd069ec30-0904-11e5-a77e-87b1433b1a9d', '2015-06-02 08:53:18', '0000-00-00 00:00:00', 1, 0),
(1535, 28, 'SHIPPER', '', '3e36e6a0-0905-11e5-a77e-87b1433b1a9d', '2015-06-02 08:56:22', '0000-00-00 00:00:00', 1, 0),
(1536, 26, '', '', '5d248150-0908-11e5-a77e-87b1433b1a9d', '2015-06-02 09:18:43', '0000-00-00 00:00:00', 1, 0),
(1537, 26, '', '', '9a4723d0-0908-11e5-a77e-87b1433b1a9d', '2015-06-02 09:20:25', '0000-00-00 00:00:00', 1, 0),
(1538, 26, '', '', 'a1aad030-0909-11e5-a77e-87b1433b1a9d', '2015-06-02 09:27:47', '0000-00-00 00:00:00', 1, 0),
(1539, 26, '', '', 'c13f1280-0909-11e5-a77e-87b1433b1a9d', '2015-06-02 09:28:40', '0000-00-00 00:00:00', 1, 0),
(1540, 28, 'SHIPPER', '', 'd5a9aa50-0909-11e5-a77e-87b1433b1a9d', '2015-06-02 09:29:14', '0000-00-00 00:00:00', 1, 0),
(1541, 28, 'SHIPPER', '', '16e1d510-090a-11e5-a77e-87b1433b1a9d', '2015-06-02 09:31:04', '0000-00-00 00:00:00', 1, 0),
(1542, 28, 'SHIPPER', '', '316c4410-090a-11e5-a77e-87b1433b1a9d', '2015-06-02 09:31:48', '0000-00-00 00:00:00', 1, 0),
(1543, 28, 'SHIPPER', '', '56adc5a0-090a-11e5-a77e-87b1433b1a9d', '2015-06-02 09:32:51', '0000-00-00 00:00:00', 1, 0),
(1544, 28, 'SHIPPER', '', 'c51e04f0-090a-11e5-a77e-87b1433b1a9d', '2015-06-02 09:35:56', '0000-00-00 00:00:00', 1, 0),
(1545, 28, 'SHIPPER', '', 'e824b1b0-090a-11e5-a77e-87b1433b1a9d', '2015-06-02 09:36:55', '0000-00-00 00:00:00', 1, 0),
(1546, 28, 'SHIPPER', '', 'f8829ae0-090a-11e5-a77e-87b1433b1a9d', '2015-06-02 09:37:22', '0000-00-00 00:00:00', 1, 0),
(1547, 28, 'SHIPPER', '', '0abeb9f0-090b-11e5-a77e-87b1433b1a9d', '2015-06-02 09:37:53', '0000-00-00 00:00:00', 1, 0),
(1548, 28, 'SHIPPER', '', '2ad8f520-090b-11e5-a77e-87b1433b1a9d', '2015-06-02 09:38:47', '0000-00-00 00:00:00', 1, 0),
(1549, 28, 'SHIPPER', '', '483b3c40-090b-11e5-a77e-87b1433b1a9d', '2015-06-02 09:39:36', '0000-00-00 00:00:00', 1, 0),
(1550, 28, 'SHIPPER', '', '86728310-090b-11e5-a77e-87b1433b1a9d', '2015-06-02 09:41:20', '0000-00-00 00:00:00', 1, 0),
(1551, 26, '', '', 'e2231b70-090b-11e5-a77e-87b1433b1a9d', '2015-06-02 09:43:54', '0000-00-00 00:00:00', 1, 0),
(1552, 26, '', '', '03b9bd70-090c-11e5-a77e-87b1433b1a9d', '2015-06-02 09:44:51', '0000-00-00 00:00:00', 1, 0),
(1553, 26, '', '', '3d7f2b30-090c-11e5-a77e-87b1433b1a9d', '2015-06-02 09:46:28', '0000-00-00 00:00:00', 1, 0),
(1554, 26, '', '', '5151c8c0-090c-11e5-a77e-87b1433b1a9d', '2015-06-02 09:47:01', '0000-00-00 00:00:00', 1, 0),
(1555, 26, '', '', 'c5123330-090c-11e5-a77e-87b1433b1a9d', '2015-06-02 09:50:15', '0000-00-00 00:00:00', 1, 0),
(1556, 26, '', '', 'f93229e0-090c-11e5-a77e-87b1433b1a9d', '2015-06-02 09:51:42', '0000-00-00 00:00:00', 1, 0),
(1557, 26, '', '', '42d3f4c0-090d-11e5-a77e-87b1433b1a9d', '2015-06-02 09:53:46', '0000-00-00 00:00:00', 1, 0),
(1558, 26, '', '', '6cddfae0-090d-11e5-a77e-87b1433b1a9d', '2015-06-02 09:54:57', '0000-00-00 00:00:00', 1, 0),
(1559, 26, '', '', '927341c0-090d-11e5-a77e-87b1433b1a9d', '2015-06-02 09:56:00', '0000-00-00 00:00:00', 1, 0),
(1560, 26, '', '', '635fe810-090e-11e5-a77e-87b1433b1a9d', '2015-06-02 10:01:50', '0000-00-00 00:00:00', 1, 0),
(1561, 26, '', '', 'b40d0eb0-0926-11e5-a77e-87b1433b1a9d', '2015-06-02 12:55:53', '0000-00-00 00:00:00', 1, 0),
(1562, 26, '', '', '65966560-0935-11e5-a77e-87b1433b1a9d', '2015-06-02 14:41:04', '0000-00-00 00:00:00', 1, 0),
(1563, 26, '', '', '4db798f0-0936-11e5-a77e-87b1433b1a9d', '2015-06-02 14:47:34', '0000-00-00 00:00:00', 1, 0),
(1564, 5, '', '', 'f6132810-0937-11e5-a77e-87b1433b1a9d', '2015-06-02 14:59:26', '0000-00-00 00:00:00', 1, 0),
(1565, 5, '', '', '961850f0-0939-11e5-a77e-87b1433b1a9d', '2015-06-02 15:11:04', '0000-00-00 00:00:00', 1, 0),
(1566, 5, '', '', '5d429d90-093d-11e5-a77e-87b1433b1a9d', '2015-06-02 15:38:06', '0000-00-00 00:00:00', 1, 0),
(1567, 5, '', '', 'b935d250-093f-11e5-a77e-87b1433b1a9d', '2015-06-02 15:54:59', '0000-00-00 00:00:00', 1, 0),
(1568, 5, '', '', 'ef8441c0-093f-11e5-a77e-87b1433b1a9d', '2015-06-02 15:56:31', '0000-00-00 00:00:00', 1, 0),
(1569, 5, '', '', '5562e690-0940-11e5-a77e-87b1433b1a9d', '2015-06-02 15:59:21', '0000-00-00 00:00:00', 1, 0),
(1570, 5, '', '', '78a93460-0940-11e5-a77e-87b1433b1a9d', '2015-06-02 16:00:21', '0000-00-00 00:00:00', 1, 0),
(1571, 5, '', '', '8ccf7030-0940-11e5-a77e-87b1433b1a9d', '2015-06-02 16:00:54', '0000-00-00 00:00:00', 1, 0),
(1572, 5, '', '', 'a4c7e9b0-0940-11e5-a77e-87b1433b1a9d', '2015-06-02 16:01:35', '0000-00-00 00:00:00', 1, 0),
(1573, 5, '', '', 'bdc772f0-0940-11e5-a77e-87b1433b1a9d', '2015-06-02 16:02:17', '0000-00-00 00:00:00', 1, 0),
(1574, 5, '', '', 'f0d58470-0940-11e5-a77e-87b1433b1a9d', '2015-06-02 16:03:42', '0000-00-00 00:00:00', 1, 0),
(1575, 5, '', '', '08e24940-0941-11e5-a77e-87b1433b1a9d', '2015-06-02 16:04:23', '0000-00-00 00:00:00', 1, 0),
(1576, 5, '', '', '2e7964e0-0941-11e5-a77e-87b1433b1a9d', '2015-06-02 16:05:26', '0000-00-00 00:00:00', 1, 0),
(1577, 5, '', '', '3b993a10-0941-11e5-a77e-87b1433b1a9d', '2015-06-02 16:05:48', '0000-00-00 00:00:00', 1, 0),
(1578, 5, '', '', '63339fc0-0941-11e5-a77e-87b1433b1a9d', '2015-06-02 16:06:54', '0000-00-00 00:00:00', 1, 0),
(1579, 5, '', '', '7ec0b1b0-0941-11e5-a77e-87b1433b1a9d', '2015-06-02 16:07:40', '0000-00-00 00:00:00', 1, 0),
(1580, 5, '', '', 'b02299d0-0941-11e5-a77e-87b1433b1a9d', '2015-06-02 16:09:03', '0000-00-00 00:00:00', 1, 0),
(1581, 5, '', '', 'eb2e4dc0-0942-11e5-a77e-87b1433b1a9d', '2015-06-02 16:17:52', '0000-00-00 00:00:00', 1, 0),
(1582, 5, '', '', '809020e0-0949-11e5-a77e-87b1433b1a9d', '2015-06-02 17:04:59', '0000-00-00 00:00:00', 1, 0),
(1583, 5, '', '', '99fff820-0949-11e5-a77e-87b1433b1a9d', '2015-06-02 17:05:42', '0000-00-00 00:00:00', 1, 0),
(1584, 5, '', '', '326507e0-094a-11e5-a77e-87b1433b1a9d', '2015-06-02 17:09:58', '0000-00-00 00:00:00', 1, 0),
(1585, 5, '', '', '58e6d1a0-094a-11e5-a77e-87b1433b1a9d', '2015-06-02 17:11:02', '0000-00-00 00:00:00', 1, 0),
(1586, 5, '', '', 'ad64c340-094a-11e5-a77e-87b1433b1a9d', '2015-06-02 17:13:24', '0000-00-00 00:00:00', 1, 0),
(1587, 5, '', '', '566428f0-094b-11e5-a77e-87b1433b1a9d', '2015-06-02 17:18:08', '0000-00-00 00:00:00', 1, 0),
(1588, 5, '', '', '90f54b20-094b-11e5-a77e-87b1433b1a9d', '2015-06-02 17:19:46', '0000-00-00 00:00:00', 1, 0),
(1589, 5, '', '', '91671860-094e-11e5-a77e-87b1433b1a9d', '2015-06-02 17:41:15', '0000-00-00 00:00:00', 1, 0),
(1590, 5, '', '', 'c1c0b840-094e-11e5-a77e-87b1433b1a9d', '2015-06-02 17:42:36', '0000-00-00 00:00:00', 1, 0),
(1591, 5, '', '', '3faa9b40-094f-11e5-a77e-87b1433b1a9d', '2015-06-02 17:46:07', '0000-00-00 00:00:00', 1, 0),
(1592, 5, '', '', '66fd2280-094f-11e5-a77e-87b1433b1a9d', '2015-06-02 17:47:13', '0000-00-00 00:00:00', 1, 0),
(1593, 5, '', '', '7ed51bb0-094f-11e5-a77e-87b1433b1a9d', '2015-06-02 17:47:53', '0000-00-00 00:00:00', 1, 0),
(1594, 5, '', '', 'e79339c0-094f-11e5-a77e-87b1433b1a9d', '2015-06-02 17:50:49', '0000-00-00 00:00:00', 1, 0),
(1595, 5, '', '', '04c27810-0952-11e5-a77e-87b1433b1a9d', '2015-06-02 18:05:57', '0000-00-00 00:00:00', 1, 0),
(1596, 26, '', '', '80989640-0952-11e5-a77e-87b1433b1a9d', '2015-06-02 18:09:25', '0000-00-00 00:00:00', 1, 0),
(1597, 5, '', '', 'af66c340-0996-11e5-a77e-87b1433b1a9d', '2015-06-03 02:17:29', '0000-00-00 00:00:00', 1, 0),
(1598, 5, '', '', 'b8fb6720-099c-11e5-a77e-87b1433b1a9d', '2015-06-03 03:00:42', '0000-00-00 00:00:00', 1, 0),
(1599, 26, '', '', '96156c50-099d-11e5-a77e-87b1433b1a9d', '2015-06-03 03:06:53', '0000-00-00 00:00:00', 1, 0),
(1600, 5, '', '', 'd07b11b0-099d-11e5-a77e-87b1433b1a9d', '2015-06-03 03:08:31', '0000-00-00 00:00:00', 1, 0),
(1601, 5, '', '', '00cde8e0-09a0-11e5-a77e-87b1433b1a9d', '2015-06-03 03:24:11', '0000-00-00 00:00:00', 1, 0),
(1602, 5, '', '', '1d7d5ac0-09a0-11e5-a77e-87b1433b1a9d', '2015-06-03 03:24:59', '0000-00-00 00:00:00', 1, 0),
(1603, 5, '', '', '13c96ae0-09a1-11e5-a77e-87b1433b1a9d', '2015-06-03 03:31:53', '0000-00-00 00:00:00', 1, 0),
(1604, 5, '', '', '318f07b0-09a1-11e5-a77e-87b1433b1a9d', '2015-06-03 03:32:43', '0000-00-00 00:00:00', 1, 0),
(1605, 5, '', '', '8a382c70-09a1-11e5-a77e-87b1433b1a9d', '2015-06-03 03:35:11', '0000-00-00 00:00:00', 1, 0),
(1606, 5, '', '', '9c17fab0-09a1-11e5-a77e-87b1433b1a9d', '2015-06-03 03:35:41', '0000-00-00 00:00:00', 1, 0),
(1607, 5, '', '', 'e86bc630-09a1-11e5-a77e-87b1433b1a9d', '2015-06-03 03:37:49', '0000-00-00 00:00:00', 1, 0),
(1608, 5, '', '', '482d2be0-09a2-11e5-a77e-87b1433b1a9d', '2015-06-03 03:40:30', '0000-00-00 00:00:00', 1, 0),
(1609, 5, '', '', '62c4ba40-09a2-11e5-a77e-87b1433b1a9d', '2015-06-03 03:41:15', '0000-00-00 00:00:00', 1, 0),
(1610, 5, '', '', '8acd7220-09a2-11e5-a77e-87b1433b1a9d', '2015-06-03 03:42:22', '0000-00-00 00:00:00', 1, 0),
(1611, 5, '', '', 'e282c100-09a2-11e5-a77e-87b1433b1a9d', '2015-06-03 03:44:49', '0000-00-00 00:00:00', 1, 0),
(1612, 5, '', '', '3173a590-09a3-11e5-a77e-87b1433b1a9d', '2015-06-03 03:47:01', '0000-00-00 00:00:00', 1, 0),
(1613, 5, '', '', '8822cf10-09a3-11e5-a77e-87b1433b1a9d', '2015-06-03 03:49:27', '0000-00-00 00:00:00', 1, 0),
(1614, 5, '', '', '98ebaf10-09a3-11e5-a77e-87b1433b1a9d', '2015-06-03 03:49:55', '0000-00-00 00:00:00', 1, 0),
(1615, 5, '', '', 'e72159f0-09a3-11e5-a77e-87b1433b1a9d', '2015-06-03 03:52:06', '0000-00-00 00:00:00', 1, 0),
(1616, 5, '', '', '3008ae70-09a4-11e5-a77e-87b1433b1a9d', '2015-06-03 03:54:08', '0000-00-00 00:00:00', 1, 0),
(1617, 5, '', '', '483dbbc0-09a4-11e5-a77e-87b1433b1a9d', '2015-06-03 03:54:49', '0000-00-00 00:00:00', 1, 0),
(1618, 5, '', '', 'b9245240-09a4-11e5-a77e-87b1433b1a9d', '2015-06-03 03:57:59', '0000-00-00 00:00:00', 1, 0),
(1619, 5, '', '', 'c75f0d50-09a4-11e5-a77e-87b1433b1a9d', '2015-06-03 03:58:22', '0000-00-00 00:00:00', 1, 0),
(1620, 5, '', '', 'df497d10-09a4-11e5-a77e-87b1433b1a9d', '2015-06-03 03:59:03', '0000-00-00 00:00:00', 1, 0),
(1621, 5, '', '', 'fd13fbe0-09a4-11e5-a77e-87b1433b1a9d', '2015-06-03 03:59:52', '0000-00-00 00:00:00', 1, 0),
(1622, 5, '', '', '25404150-09a5-11e5-a77e-87b1433b1a9d', '2015-06-03 04:01:00', '0000-00-00 00:00:00', 1, 0),
(1623, 5, '', '', '4ad67290-09a5-11e5-a77e-87b1433b1a9d', '2015-06-03 04:02:03', '0000-00-00 00:00:00', 1, 0),
(1624, 5, '', '', '5ca13230-09a5-11e5-a77e-87b1433b1a9d', '2015-06-03 04:02:33', '0000-00-00 00:00:00', 1, 0),
(1625, 5, '', '', 'b96361a0-09a5-11e5-a77e-87b1433b1a9d', '2015-06-03 04:05:08', '0000-00-00 00:00:00', 1, 0),
(1626, 5, '', '', 'cb1f5430-09a5-11e5-a77e-87b1433b1a9d', '2015-06-03 04:05:38', '0000-00-00 00:00:00', 1, 0),
(1627, 5, '', '', 'e8e31c40-09a5-11e5-a77e-87b1433b1a9d', '2015-06-03 04:06:28', '0000-00-00 00:00:00', 1, 0),
(1628, 5, '', '', 'eaa39b80-09a6-11e5-a77e-87b1433b1a9d', '2015-06-03 04:13:41', '0000-00-00 00:00:00', 1, 0),
(1629, 5, '', '', '068499d0-09a7-11e5-a77e-87b1433b1a9d', '2015-06-03 04:14:27', '0000-00-00 00:00:00', 1, 0),
(1630, 5, '', '', '1426be60-09a7-11e5-a77e-87b1433b1a9d', '2015-06-03 04:14:50', '0000-00-00 00:00:00', 1, 0),
(1631, 5, '', '', '41a578e0-09a7-11e5-a77e-87b1433b1a9d', '2015-06-03 04:16:07', '0000-00-00 00:00:00', 1, 0),
(1632, 5, '', '', '3fe678e0-09a9-11e5-a77e-87b1433b1a9d', '2015-06-03 04:30:23', '0000-00-00 00:00:00', 1, 0),
(1633, 5, '', '', '5041f110-09a9-11e5-a77e-87b1433b1a9d', '2015-06-03 04:30:50', '0000-00-00 00:00:00', 1, 0),
(1634, 5, '', '', '5f1b5d20-09a9-11e5-a77e-87b1433b1a9d', '2015-06-03 04:31:15', '0000-00-00 00:00:00', 1, 0),
(1635, 5, '', '', '73e92390-09a9-11e5-a77e-87b1433b1a9d', '2015-06-03 04:31:50', '0000-00-00 00:00:00', 1, 0),
(1636, 5, '', '', 'a0d84840-09a9-11e5-a77e-87b1433b1a9d', '2015-06-03 04:33:05', '0000-00-00 00:00:00', 1, 0),
(1637, 5, '', '', 'b0aaba50-09a9-11e5-a77e-87b1433b1a9d', '2015-06-03 04:33:32', '0000-00-00 00:00:00', 1, 0),
(1638, 5, '', '', 'b92152c0-09a9-11e5-a77e-87b1433b1a9d', '2015-06-03 04:33:46', '0000-00-00 00:00:00', 1, 0),
(1639, 5, '', '', 'cce4fc30-09a9-11e5-a77e-87b1433b1a9d', '2015-06-03 04:34:19', '0000-00-00 00:00:00', 1, 0),
(1640, 5, '', '', 'dc526ae0-09a9-11e5-a77e-87b1433b1a9d', '2015-06-03 04:34:45', '0000-00-00 00:00:00', 1, 0),
(1641, 5, '', '', 'f40305f0-09a9-11e5-a77e-87b1433b1a9d', '2015-06-03 04:35:25', '0000-00-00 00:00:00', 1, 0),
(1642, 5, '', '', '0274fda0-09aa-11e5-a77e-87b1433b1a9d', '2015-06-03 04:35:49', '0000-00-00 00:00:00', 1, 0),
(1643, 5, '', '', '12454cd0-09aa-11e5-a77e-87b1433b1a9d', '2015-06-03 04:36:16', '0000-00-00 00:00:00', 1, 0),
(1644, 5, '', '', '229664c0-09aa-11e5-a77e-87b1433b1a9d', '2015-06-03 04:36:43', '0000-00-00 00:00:00', 1, 0),
(1645, 5, '', '', '33f73f00-09aa-11e5-a77e-87b1433b1a9d', '2015-06-03 04:37:12', '0000-00-00 00:00:00', 1, 0),
(1646, 5, '', '', '3fb4ec20-09aa-11e5-a77e-87b1433b1a9d', '2015-06-03 04:37:32', '0000-00-00 00:00:00', 1, 0),
(1647, 5, '', '', '4998d030-09aa-11e5-a77e-87b1433b1a9d', '2015-06-03 04:37:48', '0000-00-00 00:00:00', 1, 0),
(1648, 5, '', '', '52c28c00-09aa-11e5-a77e-87b1433b1a9d', '2015-06-03 04:38:04', '0000-00-00 00:00:00', 1, 0),
(1649, 5, '', '', '618e8a90-09aa-11e5-a77e-87b1433b1a9d', '2015-06-03 04:38:29', '0000-00-00 00:00:00', 1, 0),
(1650, 5, '', '', '7104d2e0-09aa-11e5-a77e-87b1433b1a9d', '2015-06-03 04:38:54', '0000-00-00 00:00:00', 1, 0),
(1651, 5, '', '', '7c7bb300-09aa-11e5-a77e-87b1433b1a9d', '2015-06-03 04:39:14', '0000-00-00 00:00:00', 1, 0),
(1652, 5, '', '', '84dbdd40-09aa-11e5-a77e-87b1433b1a9d', '2015-06-03 04:39:28', '0000-00-00 00:00:00', 1, 0),
(1653, 5, '', '', '8fdace40-09aa-11e5-a77e-87b1433b1a9d', '2015-06-03 04:39:46', '0000-00-00 00:00:00', 1, 0),
(1654, 5, '', '', '99207680-09aa-11e5-a77e-87b1433b1a9d', '2015-06-03 04:40:02', '0000-00-00 00:00:00', 1, 0),
(1655, 5, '', '', 'b252f6a0-09aa-11e5-a77e-87b1433b1a9d', '2015-06-03 04:40:44', '0000-00-00 00:00:00', 1, 0),
(1656, 5, '', '', 'bc564990-09aa-11e5-a77e-87b1433b1a9d', '2015-06-03 04:41:01', '0000-00-00 00:00:00', 1, 0),
(1657, 5, '', '', 'c8d32800-09aa-11e5-a77e-87b1433b1a9d', '2015-06-03 04:41:22', '0000-00-00 00:00:00', 1, 0),
(1658, 5, '', '', 'd1fb0f10-09aa-11e5-a77e-87b1433b1a9d', '2015-06-03 04:41:37', '0000-00-00 00:00:00', 1, 0),
(1659, 5, '', '', 'f0ca53b0-09aa-11e5-a77e-87b1433b1a9d', '2015-06-03 04:42:29', '0000-00-00 00:00:00', 1, 0),
(1660, 5, '', '', '0101f030-09ab-11e5-a77e-87b1433b1a9d', '2015-06-03 04:42:56', '0000-00-00 00:00:00', 1, 0),
(1661, 5, '', '', '0f575f30-09ab-11e5-a77e-87b1433b1a9d', '2015-06-03 04:43:20', '0000-00-00 00:00:00', 1, 0),
(1662, 5, '', '', 'b2884000-09c1-11e5-a77e-87b1433b1a9d', '2015-06-03 07:25:23', '0000-00-00 00:00:00', 1, 0),
(1663, 5, '', '', '088c8e10-09c3-11e5-a77e-87b1433b1a9d', '2015-06-03 07:34:57', '0000-00-00 00:00:00', 1, 0),
(1664, 5, '', '', 'a85d7d00-09c3-11e5-a77e-87b1433b1a9d', '2015-06-03 07:39:25', '0000-00-00 00:00:00', 1, 0),
(1665, 5, '', '', 'c4961130-09c3-11e5-a77e-87b1433b1a9d', '2015-06-03 07:40:12', '0000-00-00 00:00:00', 1, 0),
(1666, 5, '', '', 'd812c690-09c3-11e5-a77e-87b1433b1a9d', '2015-06-03 07:40:45', '0000-00-00 00:00:00', 1, 0),
(1667, 5, '', '', '3d2ac000-09c4-11e5-a77e-87b1433b1a9d', '2015-06-03 07:43:34', '0000-00-00 00:00:00', 1, 0),
(1668, 5, '', '', '883cbcb0-09c4-11e5-a77e-87b1433b1a9d', '2015-06-03 07:45:40', '0000-00-00 00:00:00', 1, 0),
(1669, 5, '', '', 'b1a74e80-09c4-11e5-a77e-87b1433b1a9d', '2015-06-03 07:46:50', '0000-00-00 00:00:00', 1, 0),
(1670, 5, '', '', 'c70e47b0-09c4-11e5-a77e-87b1433b1a9d', '2015-06-03 07:47:26', '0000-00-00 00:00:00', 1, 0),
(1671, 5, '', '', '63757ec0-09c5-11e5-a77e-87b1433b1a9d', '2015-06-03 07:51:48', '0000-00-00 00:00:00', 1, 0),
(1672, 5, '', '', '98539550-09c5-11e5-a77e-87b1433b1a9d', '2015-06-03 07:53:17', '0000-00-00 00:00:00', 1, 0),
(1673, 5, '', '', 'b33a5520-09c5-11e5-a77e-87b1433b1a9d', '2015-06-03 07:54:02', '0000-00-00 00:00:00', 1, 0),
(1674, 5, '', '', 'caf09580-09c5-11e5-a77e-87b1433b1a9d', '2015-06-03 07:54:42', '0000-00-00 00:00:00', 1, 0),
(1675, 5, '', '', 'd85f4e00-09c5-11e5-a77e-87b1433b1a9d', '2015-06-03 07:55:04', '0000-00-00 00:00:00', 1, 0),
(1676, 5, '', '', 'e6e20e90-09c5-11e5-a77e-87b1433b1a9d', '2015-06-03 07:55:29', '0000-00-00 00:00:00', 1, 0),
(1677, 5, '', '', '0763e530-09c6-11e5-a77e-87b1433b1a9d', '2015-06-03 07:56:23', '0000-00-00 00:00:00', 1, 0),
(1678, 5, '', '', '21202ec0-09c6-11e5-a77e-87b1433b1a9d', '2015-06-03 07:57:06', '0000-00-00 00:00:00', 1, 0),
(1679, 5, '', '', '771eccf0-09c6-11e5-a77e-87b1433b1a9d', '2015-06-03 07:59:31', '0000-00-00 00:00:00', 1, 0),
(1680, 5, '', '', '93a29af0-09c6-11e5-a77e-87b1433b1a9d', '2015-06-03 08:00:18', '0000-00-00 00:00:00', 1, 0),
(1681, 5, '', '', 'aabdfae0-09c6-11e5-a77e-87b1433b1a9d', '2015-06-03 08:00:57', '0000-00-00 00:00:00', 1, 0),
(1682, 5, '', '', 'd6df6f50-09c6-11e5-a77e-87b1433b1a9d', '2015-06-03 08:02:11', '0000-00-00 00:00:00', 1, 0),
(1683, 5, '', '', 'e8e1b9b0-09c6-11e5-a77e-87b1433b1a9d', '2015-06-03 08:02:41', '0000-00-00 00:00:00', 1, 0),
(1684, 5, '', '', '15f7c750-09c7-11e5-a77e-87b1433b1a9d', '2015-06-03 08:03:57', '0000-00-00 00:00:00', 1, 0),
(1685, 5, '', '', '27ed6780-09c7-11e5-a77e-87b1433b1a9d', '2015-06-03 08:04:27', '0000-00-00 00:00:00', 1, 0),
(1686, 5, '', '', '93768c70-09c7-11e5-a77e-87b1433b1a9d', '2015-06-03 08:07:28', '0000-00-00 00:00:00', 1, 0),
(1687, 5, '', '', '288ac380-09c8-11e5-a77e-87b1433b1a9d', '2015-06-03 08:11:38', '0000-00-00 00:00:00', 1, 0),
(1688, 5, '', '', '54685120-09c8-11e5-a77e-87b1433b1a9d', '2015-06-03 08:12:51', '0000-00-00 00:00:00', 1, 0),
(1689, 5, '', '', '0ee5dd10-09c9-11e5-a77e-87b1433b1a9d', '2015-06-03 08:18:04', '0000-00-00 00:00:00', 1, 0),
(1690, 5, '', '', '997a6540-09c9-11e5-a77e-87b1433b1a9d', '2015-06-03 08:21:57', '0000-00-00 00:00:00', 1, 0),
(1691, 26, '', '', '61de98d0-09ca-11e5-a77e-87b1433b1a9d', '2015-06-03 08:27:33', '0000-00-00 00:00:00', 1, 0),
(1692, 5, '', '', 'f0cdefa0-09ca-11e5-a77e-87b1433b1a9d', '2015-06-03 08:31:33', '0000-00-00 00:00:00', 1, 0),
(1693, 5, '', '', '0b60c310-09cb-11e5-a77e-87b1433b1a9d', '2015-06-03 08:32:17', '0000-00-00 00:00:00', 1, 0),
(1694, 5, '', '', '9e4cc2f0-09cb-11e5-a77e-87b1433b1a9d', '2015-06-03 08:36:24', '0000-00-00 00:00:00', 1, 0),
(1695, 5, '', '', 'adea4250-09cb-11e5-a77e-87b1433b1a9d', '2015-06-03 08:36:50', '0000-00-00 00:00:00', 1, 0),
(1696, 5, '', '', 'c37ae390-09cb-11e5-a77e-87b1433b1a9d', '2015-06-03 08:37:26', '0000-00-00 00:00:00', 1, 0),
(1697, 5, '', '', 'e7e12050-09cb-11e5-a77e-87b1433b1a9d', '2015-06-03 08:38:27', '0000-00-00 00:00:00', 1, 0),
(1698, 5, '', '', '7c063c70-09cc-11e5-a77e-87b1433b1a9d', '2015-06-03 08:42:36', '0000-00-00 00:00:00', 1, 0),
(1699, 5, '', '', '91c1e550-09cc-11e5-a77e-87b1433b1a9d', '2015-06-03 08:43:12', '0000-00-00 00:00:00', 1, 0),
(1700, 5, '', '', 'e4b4ca20-09cc-11e5-a77e-87b1433b1a9d', '2015-06-03 08:45:31', '0000-00-00 00:00:00', 1, 0),
(1701, 5, '', '', '6cf26a00-09cd-11e5-a77e-87b1433b1a9d', '2015-06-03 08:49:20', '0000-00-00 00:00:00', 1, 0),
(1702, 5, '', '', '87d6b8d0-09cd-11e5-a77e-87b1433b1a9d', '2015-06-03 08:50:05', '0000-00-00 00:00:00', 1, 0),
(1703, 5, '', '', '89987090-09ce-11e5-a77e-87b1433b1a9d', '2015-06-03 08:57:18', '0000-00-00 00:00:00', 1, 0),
(1704, 5, '', '', '8a58edb0-0a0b-11e5-a77e-87b1433b1a9d', '2015-06-03 16:13:58', '0000-00-00 00:00:00', 1, 0),
(1705, 5, '', '', '71a384d0-0a63-11e5-a77e-87b1433b1a9d', '2015-06-04 02:43:12', '0000-00-00 00:00:00', 1, 0),
(1706, 26, '', '', '153684d0-0a64-11e5-a77e-87b1433b1a9d', '2015-06-04 02:47:47', '0000-00-00 00:00:00', 1, 0),
(1707, 5, '', '', '3cdefed0-0a65-11e5-a77e-87b1433b1a9d', '2015-06-04 02:56:03', '0000-00-00 00:00:00', 1, 0),
(1708, 5, '', '', '62afc810-0a65-11e5-a77e-87b1433b1a9d', '2015-06-04 02:57:06', '0000-00-00 00:00:00', 1, 0),
(1709, 5, '', '', '19cf8300-0a66-11e5-a77e-87b1433b1a9d', '2015-06-04 03:02:14', '0000-00-00 00:00:00', 1, 0),
(1710, 5, '', '', '463f68c0-0a6a-11e5-a77e-87b1433b1a9d', '2015-06-04 03:32:06', '0000-00-00 00:00:00', 1, 0),
(1711, 5, '', '', '6dfe1f50-0a6a-11e5-a77e-87b1433b1a9d', '2015-06-04 03:33:13', '0000-00-00 00:00:00', 1, 0),
(1712, 5, '', '', 'd4f2a0f0-0a6a-11e5-a77e-87b1433b1a9d', '2015-06-04 03:36:06', '0000-00-00 00:00:00', 1, 0),
(1713, 5, '', '', 'e81b9100-0a6a-11e5-a77e-87b1433b1a9d', '2015-06-04 03:36:38', '0000-00-00 00:00:00', 1, 0),
(1714, 5, '', '', 'f90391c0-0a6a-11e5-a77e-87b1433b1a9d', '2015-06-04 03:37:06', '0000-00-00 00:00:00', 1, 0),
(1715, 5, '', '', '66487070-0a6b-11e5-a77e-87b1433b1a9d', '2015-06-04 03:40:09', '0000-00-00 00:00:00', 1, 0),
(1716, 5, '', '', '34ad6960-0a8b-11e5-a77e-87b1433b1a9d', '2015-06-04 07:27:50', '0000-00-00 00:00:00', 1, 0),
(1717, 5, '', '', '9425df30-0a8b-11e5-a77e-87b1433b1a9d', '2015-06-04 07:30:30', '0000-00-00 00:00:00', 1, 0),
(1718, 5, '', '', 'd36d39a0-0a8f-11e5-a77e-87b1433b1a9d', '2015-06-04 08:00:54', '0000-00-00 00:00:00', 1, 0),
(1719, 5, '', '', 'ff58a9f0-0a8f-11e5-a77e-87b1433b1a9d', '2015-06-04 08:02:08', '0000-00-00 00:00:00', 1, 0),
(1720, 5, '', '', '628d8b80-0a90-11e5-a77e-87b1433b1a9d', '2015-06-04 08:04:54', '0000-00-00 00:00:00', 1, 0),
(1721, 5, '', '', '795a0820-0a90-11e5-a77e-87b1433b1a9d', '2015-06-04 08:05:33', '0000-00-00 00:00:00', 1, 0),
(1722, 5, '', '', 'b9eb1d70-0a90-11e5-a77e-87b1433b1a9d', '2015-06-04 08:07:21', '0000-00-00 00:00:00', 1, 0),
(1723, 5, '', '', '58308c90-0aa0-11e5-a77e-87b1433b1a9d', '2015-06-04 09:59:09', '0000-00-00 00:00:00', 1, 0),
(1724, 5, '', '', '9a16dc30-0aa1-11e5-a77e-87b1433b1a9d', '2015-06-04 10:08:09', '0000-00-00 00:00:00', 1, 0),
(1725, 5, '', '', '75e2e0c0-0aa6-11e5-a77e-87b1433b1a9d', '2015-06-04 10:42:56', '0000-00-00 00:00:00', 1, 0),
(1726, 5, '', '', 'c56d9450-0aa6-11e5-a77e-87b1433b1a9d', '2015-06-04 10:45:09', '0000-00-00 00:00:00', 1, 0),
(1727, 5, '', '', '008b1800-0aa7-11e5-a77e-87b1433b1a9d', '2015-06-04 10:46:48', '0000-00-00 00:00:00', 1, 0),
(1728, 5, '', '', 'f38516f0-0aa7-11e5-a77e-87b1433b1a9d', '2015-06-04 10:53:36', '0000-00-00 00:00:00', 1, 0),
(1729, 5, '', '', '26c7f410-0aa8-11e5-a77e-87b1433b1a9d', '2015-06-04 10:55:02', '0000-00-00 00:00:00', 1, 0),
(1730, 5, '', '', '778a1ff0-0ad9-11e5-a77e-87b1433b1a9d', '2015-06-04 16:48:03', '0000-00-00 00:00:00', 1, 0),
(1731, 26, '', '', 'efd3e310-0ad9-11e5-a77e-87b1433b1a9d', '2015-06-04 16:51:25', '0000-00-00 00:00:00', 1, 0),
(1732, 5, '', '', '467ed4f0-0b29-11e5-a77e-87b1433b1a9d', '2015-06-05 02:19:20', '0000-00-00 00:00:00', 1, 0),
(1733, 5, '', '', '0518e6a0-0b2d-11e5-a77e-87b1433b1a9d', '2015-06-05 02:46:09', '0000-00-00 00:00:00', 1, 0),
(1734, 5, '', '', '5958bdd0-0b2d-11e5-a77e-87b1433b1a9d', '2015-06-05 02:48:30', '0000-00-00 00:00:00', 1, 0);
INSERT INTO `access_token` (`id`, `user_id`, `user_type`, `device_token`, `access_token`, `login_time`, `logout_time`, `islogin`, `isactive`) VALUES
(1735, 5, '', '', '75b8bab0-0b2e-11e5-a77e-87b1433b1a9d', '2015-06-05 02:56:27', '0000-00-00 00:00:00', 1, 0),
(1736, 26, '', '', '2a8bed90-0b2f-11e5-a77e-87b1433b1a9d', '2015-06-05 03:01:30', '2015-06-05 08:20:48', 0, 0),
(1737, 5, '', '', 'dd82e660-0b2f-11e5-a77e-87b1433b1a9d', '2015-06-05 03:06:31', '0000-00-00 00:00:00', 1, 0),
(1738, 5, '', '', '578dc500-0b31-11e5-a77e-87b1433b1a9d', '2015-06-05 03:17:05', '0000-00-00 00:00:00', 1, 0),
(1739, 5, '', '', '76325020-0b31-11e5-a77e-87b1433b1a9d', '2015-06-05 03:17:56', '0000-00-00 00:00:00', 1, 0),
(1740, 5, '', '', 'c1159bb0-0b31-11e5-a77e-87b1433b1a9d', '2015-06-05 03:20:02', '0000-00-00 00:00:00', 1, 0),
(1741, 5, '', '', '27a456a0-0b32-11e5-a77e-87b1433b1a9d', '2015-06-05 03:22:54', '0000-00-00 00:00:00', 1, 0),
(1742, 5, '', '', '4a7cee80-0b32-11e5-a77e-87b1433b1a9d', '2015-06-05 03:23:53', '0000-00-00 00:00:00', 1, 0),
(1743, 5, '', '', 'd8c57e00-0b32-11e5-a77e-87b1433b1a9d', '2015-06-05 03:27:51', '0000-00-00 00:00:00', 1, 0),
(1744, 5, '', '', 'f347fdc0-0b32-11e5-a77e-87b1433b1a9d', '2015-06-05 03:28:36', '0000-00-00 00:00:00', 1, 0),
(1745, 5, '', '', 'e69c3530-0b34-11e5-a77e-87b1433b1a9d', '2015-06-05 03:42:33', '0000-00-00 00:00:00', 1, 0),
(1746, 5, '', '', '37d7a600-0b35-11e5-a77e-87b1433b1a9d', '2015-06-05 03:44:50', '0000-00-00 00:00:00', 1, 0),
(1747, 5, '', '', '963b8210-0b36-11e5-a77e-87b1433b1a9d', '2015-06-05 03:54:38', '0000-00-00 00:00:00', 1, 0),
(1748, 5, '', '', 'ac41a170-0b36-11e5-a77e-87b1433b1a9d', '2015-06-05 03:55:15', '0000-00-00 00:00:00', 1, 0),
(1749, 5, '', '', 'bb677fd0-0b36-11e5-a77e-87b1433b1a9d', '2015-06-05 03:55:40', '0000-00-00 00:00:00', 1, 0),
(1750, 5, '', '', 'f8b35530-0b36-11e5-a77e-87b1433b1a9d', '2015-06-05 03:57:23', '0000-00-00 00:00:00', 1, 0),
(1751, 5, '', '', '018f8d40-0b37-11e5-a77e-87b1433b1a9d', '2015-06-05 03:57:38', '0000-00-00 00:00:00', 1, 0),
(1752, 5, '', '', '0b745bb0-0b37-11e5-a77e-87b1433b1a9d', '2015-06-05 03:57:54', '0000-00-00 00:00:00', 1, 0),
(1753, 5, '', '', '1e7f1560-0b37-11e5-a77e-87b1433b1a9d', '2015-06-05 03:58:26', '0000-00-00 00:00:00', 1, 0),
(1754, 1, 'SHIPPER', '2222222', '2b72aa70-0b37-11e5-a77e-87b1433b1a9d', '2015-06-05 03:58:48', '0000-00-00 00:00:00', 1, 1),
(1755, 5, '', '', '354e7830-0b37-11e5-a77e-87b1433b1a9d', '2015-06-05 03:59:05', '0000-00-00 00:00:00', 1, 0),
(1756, 5, '', '', '49aba280-0b37-11e5-a77e-87b1433b1a9d', '2015-06-05 03:59:39', '0000-00-00 00:00:00', 1, 0),
(1757, 5, '', '', '5548cf50-0b37-11e5-a77e-87b1433b1a9d', '2015-06-05 03:59:58', '0000-00-00 00:00:00', 1, 0),
(1758, 5, '', '', '7c53c640-0b37-11e5-a77e-87b1433b1a9d', '2015-06-05 04:01:04', '0000-00-00 00:00:00', 1, 0),
(1759, 5, '', '', '0ea02ac0-0b38-11e5-a77e-87b1433b1a9d', '2015-06-05 04:05:09', '0000-00-00 00:00:00', 1, 0),
(1760, 5, '', '', '4cb9b060-0b38-11e5-a77e-87b1433b1a9d', '2015-06-05 04:06:53', '0000-00-00 00:00:00', 1, 0),
(1761, 5, '', '', '08cb7b70-0b3a-11e5-a77e-87b1433b1a9d', '2015-06-05 04:19:18', '0000-00-00 00:00:00', 1, 0),
(1762, 5, '', '', 'a41a2250-0b55-11e5-ab9d-f1c5c3029181', '2015-06-05 07:36:55', '0000-00-00 00:00:00', 1, 0),
(1763, 5, '', '', 'ef480b70-0b55-11e5-9d07-131a0eed5e03', '2015-06-05 07:39:01', '0000-00-00 00:00:00', 1, 0),
(1764, 5, '', '', '18ded600-0b59-11e5-9d07-131a0eed5e03', '2015-06-05 08:01:40', '0000-00-00 00:00:00', 1, 0),
(1765, 5, '', '', '2eb4e4b0-0b59-11e5-9d07-131a0eed5e03', '2015-06-05 08:02:16', '0000-00-00 00:00:00', 1, 0),
(1766, 5, '', '', '28474630-0b5a-11e5-9d07-131a0eed5e03', '2015-06-05 08:09:15', '0000-00-00 00:00:00', 1, 0),
(1767, 26, '', '', 'c5f02f90-0b5b-11e5-9d07-131a0eed5e03', '2015-06-05 08:20:49', '0000-00-00 00:00:00', 1, 0),
(1768, 26, '', '', 'cfcac4d0-0b5b-11e5-9d07-131a0eed5e03', '2015-06-05 08:21:06', '0000-00-00 00:00:00', 1, 0),
(1769, 28, 'SHIPPER', '', 'f04b3be0-0b5b-11e5-9d07-131a0eed5e03', '2015-06-05 08:22:00', '0000-00-00 00:00:00', 1, 0),
(1770, 28, 'SHIPPER', '', 'd37b0620-0b5c-11e5-9d07-131a0eed5e03', '2015-06-05 08:28:21', '0000-00-00 00:00:00', 1, 0),
(1771, 28, 'SHIPPER', '', '99b49180-0b5d-11e5-9d07-131a0eed5e03', '2015-06-05 08:33:54', '0000-00-00 00:00:00', 1, 0),
(1772, 28, 'SHIPPER', '', '1879b950-0b5e-11e5-9d07-131a0eed5e03', '2015-06-05 08:37:27', '0000-00-00 00:00:00', 1, 0),
(1773, 28, 'SHIPPER', '', '40b56810-0b5e-11e5-9d07-131a0eed5e03', '2015-06-05 08:38:34', '0000-00-00 00:00:00', 1, 0),
(1774, 28, 'SHIPPER', '', '16ca8d40-0b5f-11e5-94b8-5de55b3319ca', '2015-06-05 08:44:33', '0000-00-00 00:00:00', 1, 0),
(1775, 28, 'SHIPPER', '', '46e79950-0b5f-11e5-94b8-5de55b3319ca', '2015-06-05 08:45:54', '0000-00-00 00:00:00', 1, 0),
(1776, 28, 'SHIPPER', '', '82315d20-0b5f-11e5-94b8-5de55b3319ca', '2015-06-05 08:47:33', '0000-00-00 00:00:00', 1, 0),
(1777, 28, 'SHIPPER', '', '66560eb0-0b60-11e5-94b8-5de55b3319ca', '2015-06-05 08:53:56', '0000-00-00 00:00:00', 1, 0),
(1778, 28, 'SHIPPER', '', 'd2829f90-0b60-11e5-94b8-5de55b3319ca', '2015-06-05 08:56:58', '0000-00-00 00:00:00', 1, 0),
(1779, 5, '', '', 'f01b11e0-0b60-11e5-94b8-5de55b3319ca', '2015-06-05 08:57:47', '0000-00-00 00:00:00', 1, 0),
(1780, 28, 'SHIPPER', '', '13602730-0b61-11e5-94b8-5de55b3319ca', '2015-06-05 08:58:46', '0000-00-00 00:00:00', 1, 0),
(1781, 28, 'SHIPPER', '', '2f369e30-0b61-11e5-94b8-5de55b3319ca', '2015-06-05 08:59:33', '0000-00-00 00:00:00', 1, 0),
(1782, 28, 'SHIPPER', '', '9996fa90-0b61-11e5-94b8-5de55b3319ca', '2015-06-05 09:02:32', '0000-00-00 00:00:00', 1, 0),
(1783, 28, 'SHIPPER', '', 'b5c3cef0-0b61-11e5-94b8-5de55b3319ca', '2015-06-05 09:03:19', '0000-00-00 00:00:00', 1, 0),
(1784, 5, '', '', '074dade0-0b62-11e5-94b8-5de55b3319ca', '2015-06-05 09:05:36', '0000-00-00 00:00:00', 1, 0),
(1785, 5, '', '', '98bf2640-0b63-11e5-94b8-5de55b3319ca', '2015-06-05 09:16:49', '0000-00-00 00:00:00', 1, 0),
(1786, 5, '', '', 'd4337c80-0b63-11e5-94b8-5de55b3319ca', '2015-06-05 09:18:29', '0000-00-00 00:00:00', 1, 0),
(1787, 26, '', '', '28ca9b70-0b64-11e5-94b8-5de55b3319ca', '2015-06-05 09:20:51', '2015-06-05 09:21:38', 0, 0),
(1788, 5, '', '', '3b76ba60-0b64-11e5-94b8-5de55b3319ca', '2015-06-05 09:21:22', '0000-00-00 00:00:00', 1, 0),
(1789, 26, '', '', '49ec0d70-0b64-11e5-94b8-5de55b3319ca', '2015-06-05 09:21:46', '2015-06-05 09:22:46', 0, 0),
(1790, 28, 'SHIPPER', '', '6fa88b60-0b64-11e5-94b8-5de55b3319ca', '2015-06-05 09:22:50', '2015-06-05 09:23:12', 0, 0),
(1791, 29, 'SHIPPER', '', '8d8559b0-0b64-11e5-94b8-5de55b3319ca', '2015-06-05 09:23:40', '2015-06-05 09:25:35', 0, 1),
(1792, 26, '', '', 'd4f80f90-0b64-11e5-94b8-5de55b3319ca', '2015-06-05 09:25:40', '0000-00-00 00:00:00', 1, 0),
(1793, 26, '', '', '66b97220-0b65-11e5-94b8-5de55b3319ca', '2015-06-05 09:29:44', '2015-06-05 09:30:01', 0, 1),
(1794, 28, 'SHIPPER', '', '73911ac0-0b65-11e5-94b8-5de55b3319ca', '2015-06-05 09:30:06', '0000-00-00 00:00:00', 1, 0),
(1795, 28, 'SHIPPER', '', 'ac0e9f30-0b65-11e5-94b8-5de55b3319ca', '2015-06-05 09:31:41', '0000-00-00 00:00:00', 1, 0),
(1796, 28, 'SHIPPER', '', 'd4d8d250-0b65-11e5-94b8-5de55b3319ca', '2015-06-05 09:32:49', '0000-00-00 00:00:00', 1, 0),
(1797, 5, '', '', 'ed420f00-0b65-11e5-94b8-5de55b3319ca', '2015-06-05 09:33:30', '2015-06-05 09:33:48', 0, 1),
(1798, 30, 'SHOPPER', '', '1742c650-0b66-11e5-94b8-5de55b3319ca', '2015-06-05 09:34:40', '0000-00-00 00:00:00', 1, 0),
(1799, 30, 'SHOPPER', '', '1b0b18f0-0b66-11e5-80ce-070dde44c8d4', '2015-06-05 09:34:47', '0000-00-00 00:00:00', 1, 0),
(1800, 30, 'SHOPPER', '', '21a50220-0b66-11e5-80ce-070dde44c8d4', '2015-06-05 09:34:58', '0000-00-00 00:00:00', 1, 0),
(1801, 30, 'SHOPPER', '', '28ab1aa0-0b66-11e5-80ce-070dde44c8d4', '2015-06-05 09:35:10', '0000-00-00 00:00:00', 1, 0),
(1802, 30, 'SHOPPER', '', '4831c860-0b66-11e5-80ce-070dde44c8d4', '2015-06-05 09:36:03', '0000-00-00 00:00:00', 1, 0),
(1803, 30, 'SHOPPER', '', 'ed12a520-0b66-11e5-b58e-773bbcea590a', '2015-06-05 09:40:39', '0000-00-00 00:00:00', 1, 1),
(1804, 28, 'SHIPPER', '', '27d64900-0b67-11e5-b58e-773bbcea590a', '2015-06-05 09:42:18', '0000-00-00 00:00:00', 1, 1);

-- --------------------------------------------------------

--
-- Table structure for table `account`
--

CREATE TABLE IF NOT EXISTS `account` (
  `id` int(8) NOT NULL,
  `username` varchar(256) NOT NULL,
  `password` varchar(256) NOT NULL,
  `email` varchar(256) NOT NULL,
  `type` varchar(256) NOT NULL,
  `group_id` int(11) NOT NULL,
  `group_mode` varchar(1024) NOT NULL,
  `firstname` varchar(1024) NOT NULL,
  `lastname` varchar(1024) NOT NULL,
  `phone` varchar(255) NOT NULL,
  `birthday` date NOT NULL,
  `idcard` varchar(256) NOT NULL,
  `idcard_date` date NOT NULL,
  `idcard_address` varchar(1024) NOT NULL,
  `title` varchar(1024) NOT NULL,
  `desc` varchar(10000) NOT NULL,
  `address` varchar(1024) NOT NULL,
  `city_id` int(11) NOT NULL DEFAULT '0',
  `created_time` timestamp NOT NULL DEFAULT '0000-00-00 00:00:00',
  `modified_time` timestamp NOT NULL DEFAULT '0000-00-00 00:00:00' ON UPDATE CURRENT_TIMESTAMP,
  `isreview` tinyint(1) NOT NULL,
  `isactive` tinyint(1) NOT NULL,
  `isupdate` tinyint(4) NOT NULL,
  `is_map_default` tinyint(4) NOT NULL,
  `latitude` float NOT NULL,
  `longitude` float NOT NULL,
  `has_avatar` tinyint(1) NOT NULL DEFAULT '0'
) ENGINE=InnoDB AUTO_INCREMENT=31 DEFAULT CHARSET=utf8;

--
-- Dumping data for table `account`
--

INSERT INTO `account` (`id`, `username`, `password`, `email`, `type`, `group_id`, `group_mode`, `firstname`, `lastname`, `phone`, `birthday`, `idcard`, `idcard_date`, `idcard_address`, `title`, `desc`, `address`, `city_id`, `created_time`, `modified_time`, `isreview`, `isactive`, `isupdate`, `is_map_default`, `latitude`, `longitude`, `has_avatar`) VALUES
(1, 'locnt', '25d55ad283aa400af464c76d713c07ad', '', 'SHIPPER', 0, '', '', '', '', '2015-03-11', '', '2015-03-11', '', '', '', '', 0, '2015-03-11 17:09:01', '2015-05-14 16:49:36', 0, 1, 0, 1, 0, 0, 1),
(5, 'thuannd', '14e1b600b1fd579f47433b88e8d85291', 'thuannd@gmail.com', 'SHOPPER', 0, '', 'Nguyen', 'Duc Thuan', '0169 315 0513', '1990-10-05', '', '2015-02-10', '', 'Fast 1 - n gin - Tin li - D dng', 'Fast1@support.com', 'Cau Giay', 3, '2015-02-11 04:22:38', '2015-06-05 09:44:29', 0, 1, 1, 1, 21.0562, 105.786, 1),
(12, 'thuannd1', '14e1b600b1fd579f47433b88e8d85291', 'thuannd1@gmail.com', 'SHOPPER', 0, '', '', '', '', '2015-03-20', '', '2015-03-20', '', '', '', '', 0, '2015-03-20 04:03:37', '2015-03-20 04:03:37', 0, 1, 0, 1, 0, 0, 0),
(13, 'loczon1', '14e1b600b1fd579f47433b88e8d85291', 'zon1@gmail.com', 'SHOPPER', 0, '', '', '', '', '2015-04-01', '', '2015-04-01', '', '', '', '', 0, '2015-04-01 17:29:25', '2015-04-01 17:29:25', 0, 1, 0, 1, 0, 0, 0),
(14, 'thuannd2', 'd9b1d7db4cd6e70935368a1efb10e377', 'thuannd2@gmail.com', 'SHOPPER', 0, '', '', '', '', '2015-04-09', '', '2015-04-09', '', '', '', '', 0, '2015-04-09 16:28:35', '2015-04-09 16:28:35', 0, 1, 0, 1, 0, 0, 0),
(15, 'thuannd123', '14e1b600b1fd579f47433b88e8d85291', 'thuannd123@gmail.com', 'SHOPPER', 0, '', '', '', '', '2015-04-09', '', '2015-04-09', '', '', '', '', 0, '2015-04-09 16:32:30', '2015-04-09 16:47:54', 0, 1, 0, 1, 0, 0, 0),
(16, 'thuannd6528', '14e1b600b1fd579f47433b88e8d85291', 'thuannd6528@gmail.com', 'SHOPPER', 0, '', '', '', '', '2015-05-04', '', '2015-05-04', '', '', '', '', 0, '2015-05-04 16:32:22', '2015-05-04 16:32:22', 0, 1, 0, 1, 0, 0, 0),
(17, 'locnt9889', '25d55ad283aa400af464c76d713c07ad', '', 'SHOPPER', 0, '', '', '', '', '2015-03-11', '', '2015-03-11', '', '', '', '', 0, '2015-03-11 17:09:01', '2015-05-14 16:49:36', 0, 1, 0, 1, 0, 0, 1),
(18, 'thuannd01', '14e1b600b1fd579f47433b88e8d85291', 'thuannd01@gmail.com', 'SHIPPER', 0, '', 'Nguyen', 'Duc Thuan', '01693150513', '2015-05-18', '', '2015-05-18', '', 'Seta International Vietnam', 'Yu mu tm', 'test', 2046930080, '2015-05-19 03:47:42', '2015-06-05 09:44:58', 0, 1, 1, 0, 0, 0, 0),
(19, 'thuannd02', '14e1b600b1fd579f47433b88e8d85291', 'thuannd02@gmail.com', '', 0, '', 'Nguyen', 'Duc', '01693150513', '2015-05-19', '', '2015-05-19', '', '', '', 'Dia chij', 2055192320, '2015-05-19 04:25:37', '2015-05-19 06:38:25', 0, 1, 1, 0, 0, 0, 1),
(20, 'thuan03', '14e1b600b1fd579f47433b88e8d85291', 'thuan03@gmail.com', 'SHOPPER', 0, '', '', '', '', '2015-05-20', '', '2015-05-20', '', '', '', '', 0, '2015-05-20 07:16:22', '2015-05-20 07:16:22', 0, 1, 0, 1, 0, 0, 0),
(21, 'thuannd04', '14e1b600b1fd579f47433b88e8d85291', 'thuannd04@gmail.com', 'SHOPPER', 0, '', '', '', '', '2015-05-20', '', '2015-05-20', '', '', '', '', 0, '2015-05-20 07:28:47', '2015-05-20 07:28:47', 0, 1, 0, 1, 0, 0, 0),
(22, 'thuannd05', '14e1b600b1fd579f47433b88e8d85291', 'thuannd05@gmail.com', 'SHOPPER', 0, '', '', '', '', '2015-05-20', '', '2015-05-20', '', '', '', '', 0, '2015-05-20 07:43:36', '2015-05-20 07:43:36', 0, 1, 0, 1, 0, 0, 0),
(23, 'thuannd07', '14e1b600b1fd579f47433b88e8d85291', 'thuannd07@gmail.com', 'SHOPPER', 0, '', '', '', '', '2015-05-20', '', '2015-05-20', '', '', '', '', 0, '2015-05-20 07:48:08', '2015-05-20 07:48:08', 0, 1, 0, 1, 0, 0, 0),
(24, 'hoangnh11', 'd9b1d7db4cd6e70935368a1efb10e377', 'huyhoangtech3@gmail.com', 'SHOPPER', 0, 'SHOPPER', '', '', '', '2015-05-22', '', '2015-05-22', '', '', '', '', 0, '2015-05-22 07:09:35', '2015-05-22 10:55:14', 0, 1, 0, 1, 0, 0, 0),
(25, 'fgdf', 'cd72e42cac51f0c14ab227dcbd3eae17', 'dfgdf', 'SHOPPER', 0, 'SHOPPER', '', '', '', '2015-05-22', '', '2015-05-22', '', '', '', '', 0, '2015-05-22 10:51:30', '2015-05-22 10:51:30', 0, 1, 0, 1, 0, 0, 0),
(26, 'thuannd03', '14e1b600b1fd579f47433b88e8d85291', 'thuannd03@gmail.com', 'SHIPPER', 0, '', 'nguyn', 'c thun', '01693150513', '2015-05-26', '', '2015-05-26', '', 'cng ty vn chuyn kin vng', 'Chuyn vn chuyn nh ca, hng ho', 'Cu Giy - H Ni', 1, '2015-05-26 16:23:54', '2015-06-05 09:44:52', 0, 1, 1, 0, 21.0555, 105.786, 0),
(27, 'thuannd06', '14e1b600b1fd579f47433b88e8d85291', 'thuannd06@gmail.com', 'SHIPPER', 0, '', 'Nguyen', 'Duc Thuan', '01693150513', '2015-05-26', '', '2015-05-26', '', 'Seta international', '', 'Cau Giay', 5, '2015-05-27 02:51:11', '2015-06-05 09:44:49', 0, 1, 1, 1, 0, 0, 0),
(28, 'thuannd08', '14e1b600b1fd579f47433b88e8d85291', 'thuannd08@gmail.com', 'SHIPPER', 0, '', 'Nguyen', 'Duc Thuan', '01693150513', '2015-05-26', '', '2015-05-26', '', '', '', 'Cau GIay', 5, '2015-05-27 02:54:20', '2015-05-27 02:54:43', 0, 1, 1, 1, 0, 0, 0),
(29, 'thuannd09', '14e1b600b1fd579f47433b88e8d85291', 'thuannd09@gmail.com', 'SHIPPER', 0, '', 'nguyen', 'thuan', '01693150513', '2015-06-05', '', '2015-06-05', '', '', '', 'ha noi', 1, '2015-06-05 09:23:38', '2015-06-05 09:24:27', 0, 1, 1, 1, 21.0317, 105.783, 0),
(30, 'shopper01', '14e1b600b1fd579f47433b88e8d85291', 'shopper01@gmail.com', 'SHOPPER', 0, '', 'shoppet1', 'ten', '01693150513', '2015-06-05', '', '2015-06-05', '', '', '', 'address', 1, '2015-06-05 09:34:33', '2015-06-05 09:41:12', 0, 1, 1, 1, 0, 0, 0);

-- --------------------------------------------------------

--
-- Table structure for table `city`
--

CREATE TABLE IF NOT EXISTS `city` (
  `city_id` int(11) NOT NULL,
  `city_name` varchar(1024) NOT NULL,
  `city_code` varchar(256) NOT NULL,
  `country_id` int(11) NOT NULL,
  `isactive` tinyint(1) NOT NULL
) ENGINE=InnoDB AUTO_INCREMENT=9 DEFAULT CHARSET=utf8;

--
-- Dumping data for table `city`
--

INSERT INTO `city` (`city_id`, `city_name`, `city_code`, `country_id`, `isactive`) VALUES
(1, 'H Ni', '4', 1, 1),
(2, 'H Ch Minh', '8', 1, 1),
(3, ' Nng', '511', 1, 1),
(4, 'Hi Phng', '31', 1, 1),
(5, 'Hng Yn', '321', 1, 1),
(6, 'Hi Dng', '320', 1, 1),
(7, 'Vnh Phc', '211', 1, 1),
(8, 'Bc Ninh', '241', 1, 1);

-- --------------------------------------------------------

--
-- Table structure for table `country`
--

CREATE TABLE IF NOT EXISTS `country` (
  `country_id` int(11) NOT NULL,
  `country_name` varchar(1024) NOT NULL,
  `country_code` varchar(1024) NOT NULL,
  `currency` varchar(256) NOT NULL,
  `isactive` tinyint(1) NOT NULL
) ENGINE=InnoDB AUTO_INCREMENT=4 DEFAULT CHARSET=utf8;

--
-- Dumping data for table `country`
--

INSERT INTO `country` (`country_id`, `country_name`, `country_code`, `currency`, `isactive`) VALUES
(1, 'Vit Nam', 'VN', 'VN', 1),
(2, 'United Kingdom', 'GB', '', 1),
(3, 'United States', 'US', '', 1);

-- --------------------------------------------------------

--
-- Table structure for table `district`
--

CREATE TABLE IF NOT EXISTS `district` (
  `district_id` int(11) NOT NULL,
  `district_name` varchar(1024) NOT NULL,
  `city_id` int(11) NOT NULL,
  `isactive` tinyint(4) NOT NULL
) ENGINE=InnoDB AUTO_INCREMENT=2 DEFAULT CHARSET=utf8;

--
-- Dumping data for table `district`
--

INSERT INTO `district` (`district_id`, `district_name`, `city_id`, `isactive`) VALUES
(1, 'ww', 1, 1);

-- --------------------------------------------------------

--
-- Table structure for table `order_detail`
--

CREATE TABLE IF NOT EXISTS `order_detail` (
  `order_id` int(8) NOT NULL,
  `user_id` int(11) NOT NULL,
  `title` varchar(1024) NOT NULL,
  `desc` varchar(10000) NOT NULL,
  `author_phone` varchar(255) NOT NULL,
  `author_address` varchar(1024) NOT NULL,
  `author_ismap` tinyint(1) NOT NULL,
  `author_map_latitude` float NOT NULL,
  `author_map_longitude` float NOT NULL,
  `from_city_code` varchar(255) NOT NULL,
  `to_city_code` varchar(255) NOT NULL,
  `order_date` timestamp NOT NULL DEFAULT '0000-00-00 00:00:00',
  `order_date_expired` timestamp NOT NULL DEFAULT '0000-00-00 00:00:00',
  `order_time_expect` varchar(255) NOT NULL,
  `type` varchar(255) NOT NULL,
  `transportation` varchar(255) NOT NULL,
  `weight` varchar(255) NOT NULL,
  `price` double NOT NULL,
  `receiver_name` varchar(1024) NOT NULL,
  `receiver_phone` varchar(255) NOT NULL,
  `receiver_address` varchar(1024) NOT NULL,
  `receiver_ismap` tinyint(1) NOT NULL,
  `receiver_map_latitude` float NOT NULL,
  `receiver_map_logitude` float NOT NULL,
  `currency` varchar(55) NOT NULL DEFAULT 'VND',
  `shipper_id` int(11) NOT NULL DEFAULT '0',
  `status` varchar(255) NOT NULL DEFAULT 'NEW',
  `isactive` tinyint(4) NOT NULL,
  `isupdate` tinyint(1) NOT NULL,
  `created_time` timestamp NOT NULL DEFAULT '0000-00-00 00:00:00',
  `modifed_time` timestamp NOT NULL DEFAULT '0000-00-00 00:00:00' ON UPDATE CURRENT_TIMESTAMP
) ENGINE=InnoDB AUTO_INCREMENT=17 DEFAULT CHARSET=utf8;

--
-- Dumping data for table `order_detail`
--

INSERT INTO `order_detail` (`order_id`, `user_id`, `title`, `desc`, `author_phone`, `author_address`, `author_ismap`, `author_map_latitude`, `author_map_longitude`, `from_city_code`, `to_city_code`, `order_date`, `order_date_expired`, `order_time_expect`, `type`, `transportation`, `weight`, `price`, `receiver_name`, `receiver_phone`, `receiver_address`, `receiver_ismap`, `receiver_map_latitude`, `receiver_map_logitude`, `currency`, `shipper_id`, `status`, `isactive`, `isupdate`, `created_time`, `modifed_time`) VALUES
(1, 17, 'order 1', 'description', '12345678', 'ngh an', 0, 0, 0, '', '', '2015-04-10 08:00:00', '2015-04-18 04:00:00', '2 ngy', 'type', 'oto', '< 10 kg', 500, 'receiver_name', 'receiver_phone', 'receiver_address', 0, 0, 0, 'VND', 1, 'BIDED', 1, 1, '2015-03-10 17:00:00', '2015-06-05 07:34:52'),
(2, 1, 'order 1111', 'dcription111jjj', '12345678111', 'ngh an111', 0, 0, 0, '', '', '2011-01-10 22:00:00', '2015-04-24 04:00:00', '3 ngy111', 'type1111', 'oto1111', '< 10 kg', 50011, 'receiver_name1111', 'receiver_phone1111', 'receiver_address1111', 0, 0, 0, 'VND', 2, 'SHIPPING', 1, 1, '2015-03-11 16:14:38', '2015-04-10 04:17:22'),
(3, 1, 'order 1', 'description', '12345678', 'ngh an', 1, 123.3, 2323.6, 'Vinh', '', '2015-03-09 17:00:00', '2015-03-16 17:00:00', '2 ngy', 'type', 'oto', '>10kg', 500, 'receiver_name', 'receiver_phone', 'receiver_address', 1, 123123000, 3232320, 'VND', 0, 'NEW', 1, 0, '2015-03-11 16:55:15', '2015-03-11 16:55:15'),
(4, 5, 'order 1', '', '12345678', 'ngh an', 1, 0, 0, '241', '', '2015-03-09 04:00:00', '2015-03-09 04:00:00', '2 ngy', 'type', 'oto', '500', 500, 'receiver_name', 'receiver_phone', 'receiver_address', 1, 0, 0, 'USD', 0, 'NEW', 1, 1, '2015-03-22 17:33:51', '2015-05-20 18:08:13'),
(5, 12, 'order 1', 'desc', '12345678', 'ngh an', 1, 123.3, 2323.6, 'Vinh', '', '2015-03-10 04:00:00', '2015-03-17 04:00:00', '2 ngy', 'type', 'oto', '>10kg', 500, 'receiver_name', 'receiver_phone', 'receiver_address', 1, 123123000, 3232320, 'USD', 0, 'NEW', 1, 0, '2015-03-22 19:07:03', '2015-03-22 19:07:03'),
(6, 5, 'test tieu de', 'Miu t ngn v ca hng', '0001199', 'a ch nhn hng giao', 0, 0, 0, '4', '', '2015-05-21 04:00:00', '2015-05-21 04:00:00', '10:10:PM', 'Chuyen nha', 'CAR', '< 10 kg', 100000, 'Loc Zon', '0998776', 'a ch giao hng', 0, 0, 0, 'VND', 0, 'NEW', 1, 1, '2015-03-29 09:29:06', '2015-05-29 03:58:20'),
(7, 5, 'Tn ca hng', 'Miu t ngn v ca hng', '555', 'a ch nhn hng giao', 1, 0, 0, 'Ha Noi', '', '2015-03-29 04:00:00', '2015-03-29 04:00:00', '10:10:PM', 'Chuyen nha', 'CAR', '< 10 kg', 100000, 'hhhh', '55', 'a ch giao hng', 1, 0, 0, 'VND', 0, 'NEW', 1, 0, '2015-03-29 15:21:01', '2015-03-29 15:21:01'),
(8, 5, 'chuyn nh c nhu', 'Miu t ngn...', '444', 'a ch nhn hng giao', 1, 21.0557, 105.786, '', '', '2015-03-29 04:00:00', '2015-03-29 04:00:00', '10:10:PM', 'Chuyen nha', 'CAR', '< 10 kg', 100000, '', '44', 'a ch giao hng', 1, 21.0278, 105.788, 'VND', 0, 'NEW', 1, 1, '2015-03-29 15:29:55', '2015-05-24 17:16:08'),
(9, 5, 'Chuyn nh  Trn Cung', 'chuyn nh', '01693150513', 'a ch nhn hng giao', 1, 21.0315, 105.784, '4', '4', '2015-05-31 04:00:00', '2015-05-31 04:00:00', '10:10:PM', 'Chuyen nha', 'CAR', '500', 100000, 'thun', '5555555', 'a ch giao hng', 1, 21.0304, 105.788, 'VND', 0, 'NEW', 1, 1, '2015-03-31 18:30:52', '2015-05-29 03:33:42'),
(10, 5, '', '', '', '', 0, 0, 0, '', '', '2015-04-09 04:00:00', '2015-04-09 04:00:00', '10:10:PM', 'Chuyen nha', 'CAR', '< 10 kg', 100000, '111', '1111', '', 0, 0, 0, 'VND', 0, 'NEW', 1, 0, '2015-04-09 15:54:49', '2015-04-09 15:54:49'),
(11, 14, '', '', '', '', 0, 0, 0, '', '', '2015-04-09 04:00:00', '2015-04-09 04:00:00', '10:10:PM', 'Chuyen nha', 'CAR', '< 10 kg', 100000, 'new', '123', 'new', 0, 0, 0, 'VND', 0, 'NEW', 1, 0, '2015-04-09 16:29:55', '2015-04-09 16:29:55'),
(12, 15, 'newnew1', 'nenew1', '123', 'newnew1', 1, 0, 0, '31', '', '2015-04-09 04:00:00', '2015-04-09 04:00:00', '10:10:PM', 'Chuyen nha', 'CAR', '< 10 kg', 100000, 'neneww1', '123', 'newbw', 0, 0, 0, 'VND', 0, 'NEW', 1, 0, '2015-04-09 16:39:37', '2015-04-09 16:39:37'),
(13, 15, 'AAAAA', 'bbb......', '1111', '111', 1, 0, 0, '', '', '2015-04-10 12:00:00', '2015-04-25 04:00:00', '01:09 AM', 'Chuyen nha', 'CAR', '< 10 kg', 100000, '1111', '1111', '1111', 0, 0, 0, 'VND', 0, 'NEW', 1, 1, '2015-04-09 16:56:35', '2015-04-10 04:18:27'),
(14, 19, 'Chuyn nh v qu Nam nh', 'Ti cn chuyn nh,  xe 1,5 tn l va ', '01693150513', '408 Trn Cung - H Ni', 1, 21.0557, 105.786, '4', '511', '2015-06-01 04:00:00', '2015-06-01 04:00:00', '08:30 AM', 'Chuyen nha', 'CAR', '', 100000, 'inh Th Hng', '01693150513', 'Ph Trn Hng o', 1, 20.4293, 106.181, 'VND', 0, 'NEW', 1, 1, '2015-05-25 18:15:00', '2015-05-25 18:31:56'),
(15, 19, 'chuyn da hu ra H Ni', '', '01693150513', 'Dia chij', 1, 0, 0, '511', '', '2015-05-28 04:00:00', '2015-05-28 04:00:00', '12:00 AM', 'Chuyen nha', 'CAR', '', 100000, 'ti', '01693150513', 'Ssd', 0, 0, 0, 'VND', 0, 'NEW', 1, 0, '2015-05-27 17:01:39', '2015-05-27 17:01:39'),
(16, 30, 'test don hang moi', 'Mo tabdon hang', '01693150513', 'address', 1, 0, 0, '511', '', '2015-06-05 04:00:00', '2015-06-05 04:00:00', '04:41 PM', 'Chuyen nha', 'CAR', '58658', 100000, 'toioik', '01693180513', 'Pho 123 tran cung', 0, 0, 0, 'VND', 0, 'NEW', 1, 1, '2015-06-05 09:42:10', '2015-06-05 09:42:42');

-- --------------------------------------------------------

--
-- Table structure for table `order_ship`
--

CREATE TABLE IF NOT EXISTS `order_ship` (
  `order_ship_id` int(8) NOT NULL,
  `order_id` int(8) NOT NULL,
  `shipper_id` int(8) NOT NULL,
  `shipper_cost` double NOT NULL,
  `shopper_cost` double NOT NULL,
  `ship_status` varchar(255) NOT NULL,
  `isactive` tinyint(1) NOT NULL,
  `created_date` timestamp NOT NULL DEFAULT '0000-00-00 00:00:00',
  `modified_date` timestamp NOT NULL DEFAULT '0000-00-00 00:00:00' ON UPDATE CURRENT_TIMESTAMP
) ENGINE=InnoDB AUTO_INCREMENT=21 DEFAULT CHARSET=utf8;

--
-- Dumping data for table `order_ship`
--

INSERT INTO `order_ship` (`order_ship_id`, `order_id`, `shipper_id`, `shipper_cost`, `shopper_cost`, `ship_status`, `isactive`, `created_date`, `modified_date`) VALUES
(13, 1, 1, 4234, 555555, 'SHIPPER_ESTIMATE', 1, '2015-06-05 07:31:42', '2015-06-05 09:33:48'),
(14, 6, 28, 4884, 0, 'SHIPPER_ESTIMATE', 1, '2015-06-05 08:34:17', '2015-06-05 09:23:01'),
(15, 6, 29, 87848487, 0, 'SHIPPER_CREATE', 1, '2015-06-05 09:24:45', '2015-06-05 09:24:45'),
(16, 14, 28, 15154848, 0, 'SHIPPER_CREATE', 1, '2015-06-05 09:30:16', '2015-06-05 09:30:16'),
(17, 9, 28, 848484, 0, 'SHIPPER_CREATE', 1, '2015-06-05 09:31:59', '2015-06-05 09:31:59'),
(18, 4, 28, 4846644, 0, 'SHIPPER_CREATE', 1, '2015-06-05 09:33:03', '2015-06-05 09:33:03'),
(19, 16, 28, 2000000, 2300000, 'SHIPPER_ESTIMATE', 1, '2015-06-05 09:43:11', '2015-06-05 09:47:43'),
(20, 16, 28, 2300000, 0, 'SHIPPER_CREATE', 1, '2015-06-05 09:46:46', '2015-06-05 09:46:46');

-- --------------------------------------------------------

--
-- Table structure for table `order_ship_detail`
--

CREATE TABLE IF NOT EXISTS `order_ship_detail` (
  `id` int(11) NOT NULL,
  `order_ship_id` int(11) NOT NULL,
  `action_of` varchar(255) NOT NULL,
  `comment` varchar(1024) NOT NULL,
  `cost` double NOT NULL,
  `ship_status` varchar(255) NOT NULL,
  `isactive` tinyint(4) NOT NULL,
  `created_date` timestamp NOT NULL DEFAULT CURRENT_TIMESTAMP
) ENGINE=InnoDB AUTO_INCREMENT=29 DEFAULT CHARSET=utf8;

--
-- Dumping data for table `order_ship_detail`
--

INSERT INTO `order_ship_detail` (`id`, `order_ship_id`, `action_of`, `comment`, `cost`, `ship_status`, `isactive`, `created_date`) VALUES
(6, 13, 'SHIPPER', 'nevegone', 12345, 'SHIPPER_CREATE', 1, '2015-06-05 07:31:42'),
(7, 13, 'SHOPPER', 'accept', 0, 'SHOPPER_ACCEPT', 1, '2015-06-05 07:34:07'),
(8, 13, 'SHOPPER', 'accept', 0, 'SHOPPER_ACCEPT', 1, '2015-06-05 07:34:52'),
(9, 14, 'SHIPPER', 'test', 23131, 'SHIPPER_CREATE', 1, '2015-06-05 08:34:17'),
(10, 14, 'SHIPPER', 'toi muon nhan chuyend on hang nay, xin hay cho toi chi tiet don hang', 1000000, 'SHIPPER_ESTIMATE', 1, '2015-06-05 08:45:02'),
(11, 14, 'SHIPPER', '2 nguoi van chuyen, co ok ko ban?', 2500000, 'SHIPPER_ESTIMATE', 1, '2015-06-05 09:04:10'),
(12, 14, 'SHIPPER', 'fsfsfs', 3000000, 'SHIPPER_ESTIMATE', 1, '2015-06-05 09:09:57'),
(13, 14, 'SHIPPER', 'sbsjsjs', 4884, 'SHIPPER_ESTIMATE', 1, '2015-06-05 09:23:01'),
(14, 13, 'SHIPPER', 'update', 30000, 'SHIPPER_ESTIMATE', 1, '2015-06-05 20:22:17'),
(15, 15, 'SHIPPER', 'u cmn gi', 87848487, 'SHIPPER_CREATE', 1, '2015-06-05 09:24:45'),
(16, 13, 'SHOPPER', 'update', 40000, 'SHOPPER_ESTIMATE', 1, '2015-06-05 20:25:11'),
(17, 16, 'SHIPPER', 'sbsjisjsjd', 15154848, 'SHIPPER_CREATE', 1, '2015-06-05 09:30:16'),
(18, 13, 'SHOPPER', 'update', 40000, 'SHOPPER_ESTIMATE', 1, '2015-06-05 20:30:30'),
(19, 13, 'SHOPPER', 'update', 40000, 'SHOPPER_ESTIMATE', 1, '2015-06-05 09:31:48'),
(20, 13, 'SHOPPER', 'update', 555555, 'SHOPPER_ESTIMATE', 1, '2015-06-05 09:31:53'),
(21, 17, 'SHIPPER', 'nznzjzjsjjsjssj', 848484, 'SHIPPER_CREATE', 1, '2015-06-05 09:31:59'),
(22, 18, 'SHIPPER', 'dssdss', 4846644, 'SHIPPER_CREATE', 1, '2015-06-05 09:33:03'),
(23, 13, 'SHIPPER', 'update', 555555, 'SHIPPER_ESTIMATE', 1, '2015-06-05 09:33:37'),
(24, 13, 'SHIPPER', 'update', 4234, 'SHIPPER_ESTIMATE', 1, '2015-06-05 09:33:48'),
(25, 19, 'SHIPPER', 'toi muon dau gia don hang nay', 2500000, 'SHIPPER_CREATE', 1, '2015-06-05 09:43:11'),
(26, 19, 'SHOPPER', 'em ngheo lam anh oi. giam cho em 1 chut nhe', 2300000, 'SHOPPER_ESTIMATE', 1, '2015-06-05 09:43:45'),
(27, 20, 'SHIPPER', 'ok ban. the minh quyet dinh the nhe', 2300000, 'SHIPPER_CREATE', 1, '2015-06-05 09:46:46'),
(28, 19, 'SHIPPER', 'ok chua', 2000000, 'SHIPPER_ESTIMATE', 1, '2015-06-05 09:47:43');

-- --------------------------------------------------------

--
-- Table structure for table `order_status`
--

CREATE TABLE IF NOT EXISTS `order_status` (
  `status_id` int(8) NOT NULL,
  `status_name` varchar(256) NOT NULL,
  `isactive` tinyint(1) NOT NULL,
  `status_type` varchar(256) NOT NULL
) ENGINE=InnoDB DEFAULT CHARSET=utf8;

-- --------------------------------------------------------

--
-- Table structure for table `person`
--

CREATE TABLE IF NOT EXISTS `person` (
  `person_id` int(11) NOT NULL,
  `person_name` varchar(1024) NOT NULL,
  `email` varchar(256) NOT NULL,
  `created_date` timestamp NOT NULL DEFAULT CURRENT_TIMESTAMP,
  `isactive` tinyint(4) NOT NULL
) ENGINE=InnoDB DEFAULT CHARSET=utf8;

-- --------------------------------------------------------

--
-- Table structure for table `user_contact`
--

CREATE TABLE IF NOT EXISTS `user_contact` (
  `id` int(8) NOT NULL,
  `user_id` int(11) NOT NULL,
  `contact_id` int(11) NOT NULL,
  `created_time` timestamp NOT NULL DEFAULT '0000-00-00 00:00:00',
  `isactive` tinyint(1) NOT NULL
) ENGINE=InnoDB AUTO_INCREMENT=30 DEFAULT CHARSET=utf8;

--
-- Dumping data for table `user_contact`
--

INSERT INTO `user_contact` (`id`, `user_id`, `contact_id`, `created_time`, `isactive`) VALUES
(7, 11, 10, '2015-03-17 20:04:19', 0),
(8, 5, 13, '2015-04-09 04:16:54', 1),
(9, 5, 13, '2015-04-09 04:16:57', 1),
(10, 5, 13, '2015-04-09 04:17:03', 1),
(11, 5, 1, '2015-04-09 04:33:49', 1),
(12, 5, 13, '2015-04-09 04:33:50', 1),
(13, 15, 5, '2015-04-09 17:21:26', 1),
(14, 15, 12, '2015-04-09 17:21:26', 1),
(15, 15, 14, '2015-04-09 17:21:27', 1),
(16, 15, 15, '2015-04-09 17:21:28', 1),
(17, 15, 1, '2015-04-09 17:21:34', 1),
(18, 15, 13, '2015-04-09 17:21:35', 1),
(19, 5, 5, '2015-04-09 18:07:42', 1),
(20, 5, 12, '2015-04-09 18:07:44', 1),
(21, 5, 14, '2015-04-09 18:07:45', 1),
(22, 5, 15, '2015-04-09 18:07:46', 1),
(23, 19, 1, '2015-05-19 06:31:16', 1),
(24, 19, 17, '2015-05-19 06:31:18', 1),
(25, 19, 13, '2015-05-19 06:31:19', 1),
(26, 19, 5, '2015-05-19 06:31:36', 1),
(27, 26, 5, '2015-05-27 18:14:54', 1),
(28, 26, 19, '2015-05-27 18:14:57', 1),
(29, 26, 12, '2015-05-27 18:14:58', 1);

--
-- Indexes for dumped tables
--

--
-- Indexes for table `access_token`
--
ALTER TABLE `access_token`
  ADD PRIMARY KEY (`id`);

--
-- Indexes for table `account`
--
ALTER TABLE `account`
  ADD PRIMARY KEY (`id`);

--
-- Indexes for table `city`
--
ALTER TABLE `city`
  ADD PRIMARY KEY (`city_id`);

--
-- Indexes for table `country`
--
ALTER TABLE `country`
  ADD PRIMARY KEY (`country_id`);

--
-- Indexes for table `district`
--
ALTER TABLE `district`
  ADD PRIMARY KEY (`district_id`);

--
-- Indexes for table `order_detail`
--
ALTER TABLE `order_detail`
  ADD PRIMARY KEY (`order_id`);

--
-- Indexes for table `order_ship`
--
ALTER TABLE `order_ship`
  ADD PRIMARY KEY (`order_ship_id`);

--
-- Indexes for table `order_ship_detail`
--
ALTER TABLE `order_ship_detail`
  ADD PRIMARY KEY (`id`,`order_ship_id`);

--
-- Indexes for table `order_status`
--
ALTER TABLE `order_status`
  ADD PRIMARY KEY (`status_id`);

--
-- Indexes for table `person`
--
ALTER TABLE `person`
  ADD PRIMARY KEY (`person_id`);

--
-- Indexes for table `user_contact`
--
ALTER TABLE `user_contact`
  ADD PRIMARY KEY (`id`);

--
-- AUTO_INCREMENT for dumped tables
--

--
-- AUTO_INCREMENT for table `access_token`
--
ALTER TABLE `access_token`
  MODIFY `id` int(11) NOT NULL AUTO_INCREMENT,AUTO_INCREMENT=1805;
--
-- AUTO_INCREMENT for table `account`
--
ALTER TABLE `account`
  MODIFY `id` int(8) NOT NULL AUTO_INCREMENT,AUTO_INCREMENT=31;
--
-- AUTO_INCREMENT for table `city`
--
ALTER TABLE `city`
  MODIFY `city_id` int(11) NOT NULL AUTO_INCREMENT,AUTO_INCREMENT=9;
--
-- AUTO_INCREMENT for table `country`
--
ALTER TABLE `country`
  MODIFY `country_id` int(11) NOT NULL AUTO_INCREMENT,AUTO_INCREMENT=4;
--
-- AUTO_INCREMENT for table `district`
--
ALTER TABLE `district`
  MODIFY `district_id` int(11) NOT NULL AUTO_INCREMENT,AUTO_INCREMENT=2;
--
-- AUTO_INCREMENT for table `order_detail`
--
ALTER TABLE `order_detail`
  MODIFY `order_id` int(8) NOT NULL AUTO_INCREMENT,AUTO_INCREMENT=17;
--
-- AUTO_INCREMENT for table `order_ship`
--
ALTER TABLE `order_ship`
  MODIFY `order_ship_id` int(8) NOT NULL AUTO_INCREMENT,AUTO_INCREMENT=21;
--
-- AUTO_INCREMENT for table `order_ship_detail`
--
ALTER TABLE `order_ship_detail`
  MODIFY `id` int(11) NOT NULL AUTO_INCREMENT,AUTO_INCREMENT=29;
--
-- AUTO_INCREMENT for table `order_status`
--
ALTER TABLE `order_status`
  MODIFY `status_id` int(8) NOT NULL AUTO_INCREMENT;
--
-- AUTO_INCREMENT for table `person`
--
ALTER TABLE `person`
  MODIFY `person_id` int(11) NOT NULL AUTO_INCREMENT;
--
-- AUTO_INCREMENT for table `user_contact`
--
ALTER TABLE `user_contact`
  MODIFY `id` int(8) NOT NULL AUTO_INCREMENT,AUTO_INCREMENT=30;
/*!40101 SET CHARACTER_SET_CLIENT=@OLD_CHARACTER_SET_CLIENT */;
/*!40101 SET CHARACTER_SET_RESULTS=@OLD_CHARACTER_SET_RESULTS */;
/*!40101 SET COLLATION_CONNECTION=@OLD_COLLATION_CONNECTION */;
